Workbook

Sheet Rep1 6.14.19
A1: Coulter Counter Counts: MCF7f Alternating 250nM Palbo+E2(10nM)/-E2 4 weeks
A2: Thurs 6/13/2019, 45k cells plated on (8) 60mm dishes of MCF7f p82+17+30.
A3: Friday 6/14/19, Count T=0 plate. Dose all remaining plates with +E2+250nM Palbo. (Re-dose Monday)
A4: Friday 6/21/19, Count 1 plate for Week 1 (250nM Palbo+E2). Continue to dose 3 of remaining plates with 250nM Palbo+E2 (Constant set) and dose/change last 3 plates with -E2 (CCS only media) (Alternating set) for the next week. **Since changing half of the plates to -E2 media, wash all 6 plates 1x with PBS before dosing. (Re-dose Monday)
A6: Friday 6/28/19, Count 1 plate from each set for Week 2 (Constant and Alternating). Continue to dose 2 remaining constant plates with 250nM Palbo+E2 and dose/change the 2 remaining alternating plates to 250nM Palbo+E2 as well for the next week. (Re-dose Monday)
A8: Saturday 7/6/19, Count 1 plate from each set for Week 3 (Constant and Alternating). Continue to dose 1 remaining constant plate with 250nM Palbo+E2 and dose/change last plate with -E2 (CCS only media) (Alternating set) for the next week. **Since changing half of the plates to -E2 media, wash all 2 plates 1x with PBS before dosing. (Re-dose Tuesday)
A10: Friday 7/12/19, Count both remaining plates for Week 4 (constant and alternating).
A12: Day 0 (6/14)
A13: +E2 (same for Constant and Alternating)
A14: Sample | B14: Counter Read | C14: Cells/mL | D14: mL of cells | E14: Total cell number | F14: Average total cell # | G14: Stdev
A15: +E2 #1 | B15: 38 | C15: =B15*400 -> 15200 | D15: 2.5 | E15: =C15*D15 -> 38000 | F15: =AVERAGE(E15:E17) -> 39000 | G15: =_xlfn.STDEV.S(E15:E17) -> 3605.5513
A16: +E2 #2 | B16: 36 | C16: =B16*400 -> 14400 | D16: 2.5 | E16: =C16*D16 -> 36000
A17: +E2 #3 | B17: 43 | C17: =B17*400 -> 17200 | D17: 2.5 | E17: =C17*D17 -> 43000
A19: Week 1 (6/21)
A20: +E2 +250nM Palbo (Same for Constant and Alternating)
A21: Sample | B21: Counter Read | C21: Cells/mL | D21: mL of cells | E21: Total cell number | F21: Average total cell # | G21: Stdev
A22: 250nM Palbo+E2 #1 | B22: 205 | C22: =B22*400 -> 82000 | D22: 2.5 | E22: =C22*D22 -> 205000 | F22: =AVERAGE(E22:E24) -> 189666.67 | G22: =_xlfn.STDEV.S(E22:E24) -> 14189.198
A23: 250nM Palbo+E2 #2 | B23: 187 | C23: =B23*400 -> 74800 | D23: 2.5 | E23: =C23*D23 -> 187000
A24: 250nM Palbo+E2 #3 | B24: 177 | C24: =B24*400 -> 70800 | D24: 2.5 | E24: =C24*D24 -> 177000
A27: Week 2 (6/28)
A28: CONSTANT: 250nM Palbo+E2 | I28: ALTERNATING: 1 week 250nM Palbo+E2--> 1 week -E2 *Getting confluent
A29: Sample | B29: Counter Read | C29: Cells/mL | D29: mL of cells | E29: Total cell number | F29: Average total cell # | G29: Stdev | I29: Sample | J29: Counter Read | K29: Cells/mL | L29: mL of cells | M29: Total cell number | N29: Average total cell # | O29: Stdev
A30: 250nM Palbo+E2 #1 | B30: 997 | C30: =B30*400 -> 398800 | D30: 2.5 | E30: =C30*D30 -> 997000 | F30: =AVERAGE(E30:E32) -> 987333.33 | G30: =_xlfn.STDEV.S(E30:E32) -> 9073.7717 | I30: 250nM Palbo+E2 /-E2 #1 | J30: 1528 | K30: =J30*400 -> 611200 | L30: 2.5 | M30: =K30*L30 -> 1528000 | N30: =AVERAGE(M30:M32) -> 1539666.7 | O30: =_xlfn.STDEV.S(K30:K32) -> 8082.9038
A31: 250nM Palbo+E2 #2 | B31: 986 | C31: =B31*400 -> 394400 | D31: 2.5 | E31: =C31*D31 -> 986000 | I31: 250nM Palbo+E2 /-E2 #2 | J31: 1563 | K31: =J31*400 -> 625200 | L31: 2.5 | M31: =K31*L31 -> 1563000
A32: 250nM Palbo+E2 #3 | B32: 979 | C32: =B32*400 -> 391600 | D32: 2.5 | E32: =C32*D32 -> 979000 | I32: 250nM Palbo+E2 /-E2 #3 | J32: 1528 | K32: =J32*400 -> 611200 | L32: 2.5 | M32: =K32*L32 -> 1528000
A36: Week 3 (7/6)
A37: CONSTANT: 250nM Palbo+E2 | I37: ALTERNATING: 1 week 250nM Palbo+E2--> 1 week -E2--> 1 week 250nM Palbo+E2
A38: Sample | B38: Counter Read | C38: Cells/mL | D38: mL of cells | E38: Total cell number | F38: Average total cell # | G38: Stdev | I38: Sample | J38: Counter Read | K38: Cells/mL | L38: mL of cells | M38: Total cell number | N38: Average total cell # | O38: Stdev
A39: 250nM Palbo+E2 #1 | B39: 2760 | C39: =B39*400 -> 1104000 | D39: 2.5 | E39: =C39*D39 -> 2760000 | F39: =AVERAGE(E39:E41) -> 2615666.7 | G39: =_xlfn.STDEV.S(E39:E41) -> 135574.09 | I39: 250nM Palbo+E2 /-E2 /250nM Palbo+E2 #1 | J39: 3132 | K39: =J39*400 -> 1252800 | L39: 2.5 | M39: =K39*L39 -> 3132000 | N39: =AVERAGE(M39:M41) -> 3037666.7 | O39: =_xlfn.STDEV.S(K39:K41) -> 32751.997
A40: 250nM Palbo+E2 #2 | B40: 2491 | C40: =B40*400 -> 996400 | D40: 2.5 | E40: =C40*D40 -> 2491000 | I40: 250nM Palbo+E2 /-E2 /250nM Palbo+E2 #2 | J40: 2985 | K40: =J40*400 -> 1194000 | L40: 2.5 | M40: =K40*L40 -> 2985000
A41: 250nM Palbo+E2 #3 | B41: 2596 | C41: =B41*400 -> 1038400 | D41: 2.5 | E41: =C41*D41 -> 2596000 | I41: 250nM Palbo+E2 /-E2 /250nM Palbo+E2 #3 | J41: 2996 | K41: =J41*400 -> 1198400 | L41: 2.5 | M41: =K41*L41 -> 2996000
A45: Week 4 (7/12)
A46: CONSTANT: 250nM Palbo+E2 | I46: ALTERNATING: 1 week 250nM Palbo+E2--> 1 week -E2--> 1 week 250nM Palbo+E2--> 1 week -E2
A47: Sample | B47: Counter Read | C47: Cells/mL | D47: mL of cells | E47: Total cell number | F47: Average total cell # | G47: Stdev | I47: Sample | J47: Counter Read | K47: Cells/mL | L47: mL of cells | M47: Total cell number | N47: Average total cell # | O47: Stdev
A48: 250nM Palbo+E2 #1 | B48: 3482 | C48: =B48*400 -> 1392800 | D48: 2.5 | E48: =C48*D48 -> 3482000 | F48: =AVERAGE(E48:E50) -> 3855000 | G48: =_xlfn.STDEV.S(E48:E50) -> 323955.24 | I48: 250nM Palbo+E2/-E2/250nM Palbo+E2/-E2 #1 | J48: 3844 | K48: =J48*400 -> 1537600 | L48: 2.5 | M48: =K48*L48 -> 3844000 | N48: =AVERAGE(M48:M50) -> 3962000 | O48: =_xlfn.STDEV.S(K48:K50) -> 41988.57
A49: 250nM Palbo+E2 #2 | B49: 4066 | C49: =B49*400 -> 1626400 | D49: 2.5 | E49: =C49*D49 -> 4066000 | I49: 250nM Palbo+E2/-E2/250nM Palbo+E2/-E2 #2 | J49: 4045 | K49: =J49*400 -> 1618000 | L49: 2.5 | M49: =K49*L49 -> 4045000
A50: 250nM Palbo+E2 #3 | B50: 4017 | C50: =B50*400 -> 1606800 | D50: 2.5 | E50: =C50*D50 -> 4017000 | I50: 250nM Palbo+E2/-E2/250nM Palbo+E2/-E2 #3 | J50: 3997 | K50: =J50*400 -> 1598800 | L50: 2.5 | M50: =K50*L50 -> 3997000

Sheet Rep2 10.17.19
A1: Coulter Counter Counts: MCF7f Alternating 250nM Palbo+E2(10nM)/-E2 4 weeks #2
A2: Thurs 10/17/2019, 45k cells plated on (8) 60mm dishes of MCF7f p82+12+15+24
A3: Friday 10/18/19, Count T=0 plate. Dose all remaining plates with +E2+250nM Palbo. (Re-dose Monday)
A4: Friday 10/25/19, Count 1 plate for Week 1 (250nM Palbo+E2). Continue to dose 3 of remaining plates with 250nM Palbo+E2 (Constant set) and dose/change last 3 plates with -E2 (CCS only media) (Alternating set) for the next week. **Since changing half of the plates to -E2 media, wash all 6 plates TWICE with PBS before dosing. (Re-dose Monday)
A6: Friday 11/1/19, Count 1 plate from each set for Week 2 (Constant and Alternating). Continue to dose 2 remaining constant plates with 250nM Palbo+E2 and dose/change the 2 remaining alternating plates to 250nM Palbo+E2 as well for the next week. (Re-dose Monday)
A8: Friday 11/8/19, Count 1 plate from each set for Week 3 (Constant and Alternating). Continue to dose 1 remaining constant plate with 250nM Palbo+E2 and dose/change last plate with -E2 (CCS only media) (Alternating set) for the next week. **Since changing half of the plates to -E2 media, wash all 2 plate TWICE with PBS before dosing. (Re-dose Tuesday)
A10: Thurs 11/14/19, Count both remaining plates for Week 4 (constant and alternating).
A12: Day 0 (10/18)
A13: +E2 (same for Constant and Alternating)
A14: Sample | B14: Counter Read | C14: Cells/mL | D14: mL of cells | E14: Total cell number | F14: Average total cell # | G14: Stdev
A15: +E2 #1 | B15: 40 | C15: =B15*400 -> 16000 | D15: 2.5 | E15: =C15*D15 -> 40000 | F15: =AVERAGE(E15:E17) -> 42333.333 | G15: =_xlfn.STDEV.S(E15:E17) -> 8736.8949
A16: +E2 #2 | B16: 35 | C16: =B16*400 -> 14000 | D16: 2.5 | E16: =C16*D16 -> 35000
A17: +E2 #3 | B17: 52 | C17: =B17*400 -> 20800 | D17: 2.5 | E17: =C17*D17 -> 52000
A19: Week 1 10/25)
A20: +E2 +250nM Palbo (Same for Constant and Alternating)
A21: Sample | B21: Counter Read | C21: Cells/mL | D21: mL of cells | E21: Total cell number | F21: Average total cell # | G21: Stdev
A22: 250nM Palbo+E2 #1 | B22: 130 | C22: =B22*400 -> 52000 | D22: 2.5 | E22: =C22*D22 -> 130000 | F22: =AVERAGE(E22:E24) -> 129000 | G22: =_xlfn.STDEV.S(E22:E24) -> 7549.8344
A23: 250nM Palbo+E2 #2 | B23: 121 | C23: =B23*400 -> 48400 | D23: 2.5 | E23: =C23*D23 -> 121000
A24: 250nM Palbo+E2 #3 | B24: 136 | C24: =B24*400 -> 54400 | D24: 2.5 | E24: =C24*D24 -> 136000
A27: Week 2 (11/1)
A28: CONSTANT: 250nM Palbo+E2 | I28: ALTERNATING: 1 week 250nM Palbo+E2--> 1 week -E2 *Getting confluent
A29: Sample | B29: Counter Read | C29: Cells/mL | D29: mL of cells | E29: Total cell number | F29: Average total cell # | G29: Stdev | I29: Sample | J29: Counter Read | K29: Cells/mL | L29: mL of cells | M29: Total cell number | N29: Average total cell # | O29: Stdev
A30: 250nM Palbo+E2 #1 | B30: 330 | C30: =B30*400 -> 132000 | D30: 2.5 | E30: =C30*D30 -> 330000 | F30: =AVERAGE(E30:E32) -> 364000 | G30: =_xlfn.STDEV.S(E30:E32) -> 44226.689 | I30: 250nM Palbo+E2 /-E2 #1 | J30: 926 | K30: =J30*400 -> 370400 | L30: 2.5 | M30: =K30*L30 -> 926000 | N30: =AVERAGE(M30:M32) -> 920666.67 | O30: =_xlfn.STDEV.S(K30:K32) -> 7821.3383
A31: 250nM Palbo+E2 #2 | B31: 348 | C31: =B31*400 -> 139200 | D31: 2.5 | E31: =C31*D31 -> 348000 | I31: 250nM Palbo+E2 /-E2 #2 | J31: 899 | K31: =J31*400 -> 359600 | L31: 2.5 | M31: =K31*L31 -> 899000
A32: 250nM Palbo+E2 #3 | B32: 414 | C32: =B32*400 -> 165600 | D32: 2.5 | E32: =C32*D32 -> 414000 | I32: 250nM Palbo+E2 /-E2 #3 | J32: 937 | K32: =J32*400 -> 374800 | L32: 2.5 | M32: =K32*L32 -> 937000
A36: Week 3 (11/8)
A37: CONSTANT: 250nM Palbo+E2 | I37: ALTERNATING: 1 week 250nM Palbo+E2--> 1 week -E2--> 1 week 250nM Palbo+E2
A38: Sample | B38: Counter Read | C38: Cells/mL | D38: mL of cells | E38: Total cell number | F38: Average total cell # | G38: Stdev | I38: Sample | J38: Counter Read | K38: Cells/mL | L38: mL of cells | M38: Total cell number | N38: Average total cell # | O38: Stdev
A39: 250nM Palbo+E2 #1 | B39: 1153 | C39: =B39*400 -> 461200 | D39: 2.5 | E39: =C39*D39 -> 1153000 | F39: =AVERAGE(E39:E41) -> 1210666.7 | G39: =_xlfn.STDEV.S(E39:E41) -> 49943.301 | I39: 250nM Palbo+E2 /-E2 /250nM Palbo+E2 #1 | J39: 2257 | K39: =J39*400 -> 902800 | L39: 2.5 | M39: =K39*L39 -> 2257000 | N39: =AVERAGE(M39:M41) -> 2255000 | O39: =_xlfn.STDEV.S(K39:K41) -> 21211.318
A40: 250nM Palbo+E2 #2 | B40: 1240 | C40: =B40*400 -> 496000 | D40: 2.5 | E40: =C40*D40 -> 1240000 | I40: 250nM Palbo+E2 /-E2 /250nM Palbo+E2 #2 | J40: 2307 | K40: =J40*400 -> 922800 | L40: 2.5 | M40: =K40*L40 -> 2307000
A41: 250nM Palbo+E2 #3 | B41: 1239 | C41: =B41*400 -> 495600 | D41: 2.5 | E41: =C41*D41 -> 1239000 | I41: 250nM Palbo+E2 /-E2 /250nM Palbo+E2 #3 | J41: 2201 | K41: =J41*400 -> 880400 | L41: 2.5 | M41: =K41*L41 -> 2201000
A45: Week 4 (11/14)
A46: CONSTANT: 250nM Palbo+E2 | I46: ALTERNATING: 1 week 250nM Palbo+E2--> 1 week -E2--> 1 week 250nM Palbo+E2--> 1 week -E2
A47: Sample | B47: Counter Read | C47: Cells/mL | D47: mL of cells | E47: Total cell number | F47: Average total cell # | G47: Stdev | I47: Sample | J47: Counter Read | K47: Cells/mL | L47: mL of cells | M47: Total cell number | N47: Average total cell # | O47: Stdev
A48: 250nM Palbo+E2 #1 | B48: 3202 | C48: =B48*400 -> 1280800 | D48: 2.5 | E48: =C48*D48 -> 3202000 | F48: =AVERAGE(E48:E50) -> 3194666.7 | G48: =_xlfn.STDEV.S(E48:E50) -> 99203.495 | I48: 250nM Palbo+E2/-E2/250nM Palbo+E2/-E2 #1 | J48: 3657 | K48: =J48*400 -> 1462800 | L48: 2.5 | M48: =K48*L48 -> 3657000 | N48: =AVERAGE(M48:M50) -> 3554333.3 | O48: =_xlfn.STDEV.S(K48:K50) -> 45264.261
A49: 250nM Palbo+E2 #2 | B49: 3092 | C49: =B49*400 -> 1236800 | D49: 2.5 | E49: =C49*D49 -> 3092000 | I49: 250nM Palbo+E2/-E2/250nM Palbo+E2/-E2 #2 | J49: 3573 | K49: =J49*400 -> 1429200 | L49: 2.5 | M49: =K49*L49 -> 3573000
A50: 250nM Palbo+E2 #3 | B50: 3290 | C50: =B50*400 -> 1316000 | D50: 2.5 | E50: =C50*D50 -> 3290000 | I50: 250nM Palbo+E2/-E2/250nM Palbo+E2/-E2 #3 | J50: 3433 | K50: =J50*400 -> 1373200 | L50: 2.5 | M50: =K50*L50 -> 3433000

Sheet Rep3 11.19.19
A1: Coulter Counter Counts: MCF7f Alternating 250nM Palbo+E2(10nM)/-E2 4 weeks #3
A2: Tues 11/19/2019, 45k cells plated on (8) 60mm dishes of MCF7f p82+12+15+24
A3: Wed 11/20/19, Count T=0 plate. Dose all remaining plates with +E2+250nM Palbo. (Re-dose Friday)
A4: Tues 11/26/19, Count 1 plate for Week 1 (250nM Palbo+E2). Continue to dose 3 of remaining plates with 250nM Palbo+E2 (Constant set) and dose/change last 3 plates with -E2 (CCS only media) (Alternating set) for the next week. **Since changing half of the plates to -E2 media, wash all 6 plates TWICE with PBS before dosing.
A6: Tues 12/3/19, Count 1 plate from each set for Week 2 (Constant and Alternating). Continue to dose 2 remaining constant plates with 250nM Palbo+E2 and dose/change the 2 remaining alternating plates to 250nM Palbo+E2 as well for the next week. (Re-dose Friday)
A8: Tues 12/10/19, Count 1 plate from each set for Week 3 (Constant and Alternating). Continue to dose 1 remaining constant plate with 250nM Palbo+E2 and dose/change last plate with -E2 (CCS only media) (Alternating set) for the next week. **Since changing half of the plates to -E2 media, wash all 2 plate TWICE with PBS before dosing. (Re-dose Friday)
A10: Tues 12/17/19, Count both remaining plates for Week 4 (constant and alternating).
A12: Day 0 (11/20)
A13: +E2 (same for Constant and Alternating)
A14: Sample | B14: Counter Read | C14: Cells/mL | D14: mL of cells | E14: Total cell number | F14: Average total cell # | G14: Stdev
A15: +E2 #1 | B15: 45 | C15: =B15*400 -> 18000 | D15: 2.5 | E15: =C15*D15 -> 45000 | F15: =AVERAGE(E15:E17) -> 49333.333 | G15: =_xlfn.STDEV.S(E15:E17) -> 6658.3281
A16: +E2 #2 | B16: 46 | C16: =B16*400 -> 18400 | D16: 2.5 | E16: =C16*D16 -> 46000
A17: +E2 #3 | B17: 57 | C17: =B17*400 -> 22800 | D17: 2.5 | E17: =C17*D17 -> 57000
A19: Week 1 11/26)
A20: +E2 +250nM Palbo (Same for Constant and Alternating)
A21: Sample | B21: Counter Read | C21: Cells/mL | D21: mL of cells | E21: Total cell number | F21: Average total cell # | G21: Stdev
A22: 250nM Palbo+E2 #1 | B22: 188 | C22: =B22*400 -> 75200 | D22: 2.5 | E22: =C22*D22 -> 188000 | F22: =AVERAGE(E22:E24) -> 163333.33 | G22: =_xlfn.STDEV.S(E22:E24) -> 21939.31
A23: 250nM Palbo+E2 #2 | B23: 146 | C23: =B23*400 -> 58400 | D23: 2.5 | E23: =C23*D23 -> 146000
A24: 250nM Palbo+E2 #3 | B24: 156 | C24: =B24*400 -> 62400 | D24: 2.5 | E24: =C24*D24 -> 156000
A27: Week 2 (12/3)
A28: CONSTANT: 250nM Palbo+E2 | I28: ALTERNATING: 1 week 250nM Palbo+E2--> 1 week -E2
A29: Sample | B29: Counter Read | C29: Cells/mL | D29: mL of cells | E29: Total cell number | F29: Average total cell # | G29: Stdev | I29: Sample | J29: Counter Read | K29: Cells/mL | L29: mL of cells | M29: Total cell number | N29: Average total cell # | O29: Stdev
A30: 250nM Palbo+E2 #1 | B30: 480 | C30: =B30*400 -> 192000 | D30: 2.5 | E30: =C30*D30 -> 480000 | F30: =AVERAGE(E30:E32) -> 459666.67 | G30: =_xlfn.STDEV.S(E30:E32) -> 28571.548 | I30: 250nM Palbo+E2 /-E2 #1 | J30: 822 | K30: =J30*400 -> 328800 | L30: 2.5 | M30: =K30*L30 -> 822000 | N30: =AVERAGE(M30:M32) -> 848666.67 | O30: =_xlfn.STDEV.S(K30:K32) -> 9652.6335
A31: 250nM Palbo+E2 #2 | B31: 472 | C31: =B31*400 -> 188800 | D31: 2.5 | E31: =C31*D31 -> 472000 | I31: 250nM Palbo+E2 /-E2 #2 | J31: 869 | K31: =J31*400 -> 347600 | L31: 2.5 | M31: =K31*L31 -> 869000
A32: 250nM Palbo+E2 #3 | B32: 427 | C32: =B32*400 -> 170800 | D32: 2.5 | E32: =C32*D32 -> 427000 | I32: 250nM Palbo+E2 /-E2 #3 | J32: 855 | K32: =J32*400 -> 342000 | L32: 2.5 | M32: =K32*L32 -> 855000
A36: Week 3 (12/10)
A37: CONSTANT: 250nM Palbo+E2 | I37: ALTERNATING: 1 week 250nM Palbo+E2--> 1 week -E2--> 1 week 250nM Palbo+E2
A38: Sample | B38: Counter Read | C38: Cells/mL | D38: mL of cells | E38: Total cell number | F38: Average total cell # | G38: Stdev | I38: Sample | J38: Counter Read | K38: Cells/mL | L38: mL of cells | M38: Total cell number | N38: Average total cell # | O38: Stdev
A39: 250nM Palbo+E2 #1 | B39: 2052 | C39: =B39*400 -> 820800 | D39: 2.5 | E39: =C39*D39 -> 2052000 | F39: =AVERAGE(E39:E41) -> 2015000 | G39: =_xlfn.STDEV.S(E39:E41) -> 42883.563 | I39: 250nM Palbo+E2 /-E2 /250nM Palbo+E2 #1 | J39: 3012 | K39: =J39*400 -> 1204800 | L39: 2.5 | M39: =K39*L39 -> 3012000 | N39: =AVERAGE(M39:M41) -> 3020666.7 | O39: =_xlfn.STDEV.S(K39:K41) -> 17066.146
A40: 250nM Palbo+E2 #2 | B40: 2025 | C40: =B40*400 -> 810000 | D40: 2.5 | E40: =C40*D40 -> 2025000 | I40: 250nM Palbo+E2 /-E2 /250nM Palbo+E2 #2 | J40: 3067 | K40: =J40*400 -> 1226800 | L40: 2.5 | M40: =K40*L40 -> 3067000
A41: 250nM Palbo+E2 #3 | B41: 1968 | C41: =B41*400 -> 787200 | D41: 2.5 | E41: =C41*D41 -> 1968000 | I41: 250nM Palbo+E2 /-E2 /250nM Palbo+E2 #3 | J41: 2983 | K41: =J41*400 -> 1193200 | L41: 2.5 | M41: =K41*L41 -> 2983000
A45: Week 4 (12/17) *Used 3rd floor machine, 4th floor not working
A46: CONSTANT: 250nM Palbo+E2 | I46: ALTERNATING: 1 week 250nM Palbo+E2--> 1 week -E2--> 1 week 250nM Palbo+E2--> 1 week -E2
A47: Sample | B47: Counter Read | C47: Cells/mL | D47: mL of cells | E47: Total cell number | F47: Average total cell # | G47: Stdev | I47: Sample | J47: Counter Read | K47: Cells/mL | L47: mL of cells | M47: Total cell number | N47: Average total cell # | O47: Stdev
A48: 250nM Palbo+E2 #1 | B48: 2654 | C48: =B48*400 -> 1061600 | D48: 2.5 | E48: =C48*D48 -> 2654000 | F48: =AVERAGE(E48:E50) -> 2603333.3 | G48: =_xlfn.STDEV.S(E48:E50) -> 45489.926 | I48: 250nM Palbo+E2/-E2/250nM Palbo+E2/-E2 #1 | J48: 3402 | K48: =J48*400 -> 1360800 | L48: 2.5 | M48: =K48*L48 -> 3402000 | N48: =AVERAGE(M48:M50) -> 3378666.7 | O48: =_xlfn.STDEV.S(K48:K50) -> 11657.33
A49: 250nM Palbo+E2 #2 | B49: 2590 | C49: =B49*400 -> 1036000 | D49: 2.5 | E49: =C49*D49 -> 2590000 | I49: 250nM Palbo+E2/-E2/250nM Palbo+E2/-E2 #2 | J49: 3346 | K49: =J49*400 -> 1338400 | L49: 2.5 | M49: =K49*L49 -> 3346000
A50: 250nM Palbo+E2 #3 | B50: 2566 | C50: =B50*400 -> 1026400 | D50: 2.5 | E50: =C50*D50 -> 2566000 | I50: 250nM Palbo+E2/-E2/250nM Palbo+E2/-E2 #3 | J50: 3388 | K50: =J50*400 -> 1355200 | L50: 2.5 | M50: =K50*L50 -> 3388000

Sheet Sheet1
A2: Day 0
A3: +E2
A4: Sample | B4: Counter Read | K4: Day0 | L4: Week1 | M4: Week2 | N4: Week3 | O4: Week4
A5: +E2 #1 | B5: =[1]Rep1!B8 -> 38 | J5: +E2 +250nM Palbo | K5: 1 | L5: =AVERAGE(H12:H14) -> 4.9018201 | M5: =AVERAGE(H20:H22) -> 25.464391 | N5: =AVERAGE(H27:H29) -> 67.399372 | O5: =AVERAGE(H34:H36) -> 99.331543
A6: +E2 #2 | B6: =[1]Rep1!B9 -> 36 | J6: Alternating | K6: 1 | L6: =AVERAGE(H12:H14) -> 4.9018201 | M6: =AVERAGE(K20:K22) -> 39.720692 | N6: =AVERAGE(K27:K29) -> 78.337379 | O6: =AVERAGE(K34:K36) -> 102.1575
A7: +E2 #3 | B7: =[1]Rep1!B10 -> 43
A9: Week 1 | G9: Week 1
A10: +E2 +250nM Palbo | G10: +E2 +250nM Palbo
A11: Sample | B11: Counter Read | G11: Sample | H11: Counter Read
A12: +E2+Palbo 250nM #1 | B12: =[1]Rep1!B21 -> 205 | G12: +E2+Palbo 250nM #1 | H12: =B12/B5 -> 5.3947368
A13: +E2+Palbo 250nM #2 | B13: =[1]Rep1!B22 -> 187 | G13: +E2+Palbo 250nM #2 | H13: =B13/B6 -> 5.1944444
A14: +E2+Palbo 250nM #3 | B14: =[1]Rep1!B23 -> 177 | G14: +E2+Palbo 250nM #3 | H14: =B14/B7 -> 4.1162791
A17: Week 2 | G17: Week 2
A18: +E2 +250nM Palbo | D18: +E2 +250nM Palbo->-E2 | G18: +E2 +250nM Palbo | J18: +E2 +250nM Palbo->-E2
A19: Sample | B19: Counter Read | D19: Sample | E19: Counter Read | G19: Sample | H19: Counter Read | J19: Sample | K19: Counter Read
A20: +E2+Palbo 250nM #1 | B20: =[2]Rep1!B30 -> 997 | D20: +E2 +250nM Palbo/-E2 #1 | E20: =[2]Rep1!J30 -> 1528 | G20: +E2+Palbo 250nM #1 | H20: =B20/B5 -> 26.236842 | J20: +E2 +250nM Palbo/-E2 #1 | K20: =E20/B5 -> 40.210526
A21: +E2+Palbo 250nM #2 | B21: =[2]Rep1!B31 -> 986 | D21: +E2 +250nM Palbo/-E2 #2 | E21: =[2]Rep1!J31 -> 1563 | G21: +E2+Palbo 250nM #2 | H21: =B21/B6 -> 27.388889 | J21: +E2 +250nM Palbo/-E2 #2 | K21: =E21/B6 -> 43.416667
A22: +E2+Palbo 250nM #3 | B22: =[2]Rep1!B32 -> 979 | D22: +E2 +250nM Palbo/-E2 #3 | E22: =[2]Rep1!J32 -> 1528 | G22: +E2+Palbo 250nM #3 | H22: =B22/B7 -> 22.767442 | J22: +E2 +250nM Palbo/-E2 #3 | K22: =E22/B7 -> 35.534884
A24: Week 3 | G24: Week 3
A25: +E2 +250nM Palbo | D25: +E2 +250nM Palbo->-E2->+E2 +250nM Palbo | G25: +E2 +250nM Palbo | J25: +E2 +250nM Palbo->-E2->+E2 +250nM Palbo
A26: Sample | B26: Counter Read | D26: Sample | E26: Counter Read | G26: Sample | H26: Counter Read | J26: Sample | K26: Counter Read
A27: +E2+Palbo 250nM #1 | B27: =[2]Rep1!B39 -> 2760 | D27: +E2 +250nM Palbo/-E2/+E2 +250nM Palbo #1 | E27: =[2]Rep1!J39 -> 3132 | G27: +E2+Palbo 250nM #1 | H27: =B27/B5 -> 72.631579 | J27: +E2 +250nM Palbo/-E2/+E2 +250nM Palbo #1 | K27: =E27/B5 -> 82.421053
A28: +E2+Palbo 250nM #2 | B28: =[2]Rep1!B40 -> 2491 | D28: +E2 +250nM Palbo/-E2/+E2 +250nM Palbo #2 | E28: =[2]Rep1!J40 -> 2985 | G28: +E2+Palbo 250nM #2 | H28: =B28/B6 -> 69.194444 | J28: +E2 +250nM Palbo/-E2/+E2 +250nM Palbo #2 | K28: =E28/B6 -> 82.916667
A29: +E2+Palbo 250nM #3 | B29: =[2]Rep1!B41 -> 2596 | D29: +E2 +250nM Palbo/-E2/+E2 +250nM Palbo #3 | E29: =[2]Rep1!J41 -> 2996 | G29: +E2+Palbo 250nM #3 | H29: =B29/B7 -> 60.372093 | J29: +E2 +250nM Palbo/-E2/+E2 +250nM Palbo #3 | K29: =E29/B7 -> 69.674419
A31: Week 4 | G31: Week 4
A32: +E2 +250nM Palbo | D32: +E2 +250nM Palbo->-E2->+E2 +250nM Palbo->-E2 | G32: +E2 +250nM Palbo | J32: +E2 +250nM Palbo->-E2->+E2 +250nM Palbo->-E2
A33: Sample | B33: Counter Read | D33: Sample | E33: Counter Read | G33: Sample | H33: Counter Read | J33: Sample | K33: Counter Read
A34: +E2+Palbo 250nM #1 | B34: =[2]Rep1!B48 -> 3482 | D34: +E2 +250nM Palbo/-E2/+E2 +250nM Palbo->-E2 #1 | E34: =[2]Rep1!J48 -> 3844 | G34: +E2+Palbo 250nM #1 | H34: =B34/B5 -> 91.631579 | J34: +E2 +250nM Palbo/-E2/+E2 +250nM Palbo->-E2 #1 | K34: =E34/B5 -> 101.15789
A35: +E2+Palbo 250nM #2 | B35: =[2]Rep1!B49 -> 4066 | D35: +E2 +250nM Palbo/-E2/+E2 +250nM Palbo->-E2 #2 | E35: =[2]Rep1!J49 -> 4045 | G35: +E2+Palbo 250nM #2 | H35: =B35/B6 -> 112.94444 | J35: +E2 +250nM Palbo/-E2/+E2 +250nM Palbo->-E2 #2 | K35: =E35/B6 -> 112.36111
A36: +E2+Palbo 250nM #3 | B36: =[2]Rep1!B50 -> 4017 | D36: +E2 +250nM Palbo/-E2/+E2 +250nM Palbo->-E2 #3 | E36: =[2]Rep1!J50 -> 3997 | G36: +E2+Palbo 250nM #3 | H36: =B36/B7 -> 93.418605 | J36: +E2 +250nM Palbo/-E2/+E2 +250nM Palbo->-E2 #3 | K36: =E36/B7 -> 92.953488

Sheet Sheet2
A2: Day 0
A3: +E2
A4: Sample | B4: Counter Read | K4: Day0 | L4: Week1 | M4: Week2 | N4: Week3 | O4: Week4
A5: +E2 #1 | B5: ='Rep2 10.17.19'!B15 -> 40 | J5: +E2 +250nM Palbo | K5: 1 | L5: =AVERAGE(H12:H14) -> 3.1075092 | M5: =AVERAGE(H20:H22) -> 8.7181319 | N5: =AVERAGE(H27:H29) -> 29.360165 | O5: =AVERAGE(H34:H36) -> 77.220696
A6: +E2 #2 | B6: ='Rep2 10.17.19'!B16 -> 35 | J6: Alternating | K6: 1 | L6: =AVERAGE(H12:H14) -> 3.1075092 | M6: =AVERAGE(K20:K22) -> 22.284982 | N6: =AVERAGE(K27:K29) -> 54.888736 | O6: =AVERAGE(K34:K36) -> 86.509982
A7: +E2 #3 | B7: ='Rep2 10.17.19'!B17 -> 52
A9: Week 1 | G9: Week 1
A10: +E2 +250nM Palbo | G10: +E2 +250nM Palbo
A11: Sample | B11: Counter Read | G11: Sample | H11: Counter Read
A12: +E2+Palbo 250nM #1 | B12: ='Rep2 10.17.19'!B22 -> 130 | G12: +E2+Palbo 250nM #1 | H12: =B12/B5 -> 3.25
A13: +E2+Palbo 250nM #2 | B13: ='Rep2 10.17.19'!B23 -> 121 | G13: +E2+Palbo 250nM #2 | H13: =B13/B6 -> 3.4571429
A14: +E2+Palbo 250nM #3 | B14: ='Rep2 10.17.19'!B24 -> 136 | G14: +E2+Palbo 250nM #3 | H14: =B14/B7 -> 2.6153846
A17: Week 2 | G17: Week 2
A18: +E2 +250nM Palbo | D18: +E2 +250nM Palbo->-E2 | G18: +E2 +250nM Palbo | J18: +E2 +250nM Palbo->-E2
A19: Sample | B19: Counter Read | D19: Sample | E19: Counter Read | G19: Sample | H19: Counter Read | J19: Sample | K19: Counter Read
A20: +E2+Palbo 250nM #1 | B20: ='Rep2 10.17.19'!B30 -> 330 | D20: +E2 +250nM Palbo/-E2 #1 | E20: ='Rep2 10.17.19'!J30 -> 926 | G20: +E2+Palbo 250nM #1 | H20: =B20/B5 -> 8.25 | J20: +E2 +250nM Palbo/-E2 #1 | K20: =E20/B5 -> 23.15
A21: +E2+Palbo 250nM #2 | B21: ='Rep2 10.17.19'!B31 -> 348 | D21: +E2 +250nM Palbo/-E2 #2 | E21: ='Rep2 10.17.19'!J31 -> 899 | G21: +E2+Palbo 250nM #2 | H21: =B21/B6 -> 9.9428571 | J21: +E2 +250nM Palbo/-E2 #2 | K21: =E21/B6 -> 25.685714
A22: +E2+Palbo 250nM #3 | B22: ='Rep2 10.17.19'!B32 -> 414 | D22: +E2 +250nM Palbo/-E2 #3 | E22: ='Rep2 10.17.19'!J32 -> 937 | G22: +E2+Palbo 250nM #3 | H22: =B22/B7 -> 7.9615385 | J22: +E2 +250nM Palbo/-E2 #3 | K22: =E22/B7 -> 18.019231
A24: Week 3 | G24: Week 3
A25: +E2 +250nM Palbo | D25: +E2 +250nM Palbo->-E2->+E2 +250nM Palbo | G25: +E2 +250nM Palbo | J25: +E2 +250nM Palbo->-E2->+E2 +250nM Palbo
A26: Sample | B26: Counter Read | D26: Sample | E26: Counter Read | G26: Sample | H26: Counter Read | J26: Sample | K26: Counter Read
A27: +E2+Palbo 250nM #1 | B27: ='Rep2 10.17.19'!B39 -> 1153 | D27: +E2 +250nM Palbo/-E2/+E2 +250nM Palbo #1 | E27: ='Rep2 10.17.19'!J39 -> 2257 | G27: +E2+Palbo 250nM #1 | H27: =B27/B5 -> 28.825 | J27: +E2 +250nM Palbo/-E2/+E2 +250nM Palbo #1 | K27: =E27/B5 -> 56.425
A28: +E2+Palbo 250nM #2 | B28: ='Rep2 10.17.19'!B40 -> 1240 | D28: +E2 +250nM Palbo/-E2/+E2 +250nM Palbo #2 | E28: ='Rep2 10.17.19'!J40 -> 2307 | G28: +E2+Palbo 250nM #2 | H28: =B28/B6 -> 35.428571 | J28: +E2 +250nM Palbo/-E2/+E2 +250nM Palbo #2 | K28: =E28/B6 -> 65.914286
A29: +E2+Palbo 250nM #3 | B29: ='Rep2 10.17.19'!B41 -> 1239 | D29: +E2 +250nM Palbo/-E2/+E2 +250nM Palbo #3 | E29: ='Rep2 10.17.19'!J41 -> 2201 | G29: +E2+Palbo 250nM #3 | H29: =B29/B7 -> 23.826923 | J29: +E2 +250nM Palbo/-E2/+E2 +250nM Palbo #3 | K29: =E29/B7 -> 42.326923
A31: Week 4 | G31: Week 4
A32: +E2 +250nM Palbo | D32: +E2 +250nM Palbo->-E2->+E2 +250nM Palbo->-E2 | G32: +E2 +250nM Palbo | J32: +E2 +250nM Palbo->-E2->+E2 +250nM Palbo->-E2
A33: Sample | B33: Counter Read | D33: Sample | E33: Counter Read | G33: Sample | H33: Counter Read | J33: Sample | K33: Counter Read
A34: +E2+Palbo 250nM #1 | B34: ='Rep2 10.17.19'!B48 -> 3202 | D34: +E2 +250nM Palbo/-E2/+E2 +250nM Palbo->-E2 #1 | E34: ='Rep2 10.17.19'!J48 -> 3657 | G34: +E2+Palbo 250nM #1 | H34: =B34/B5 -> 80.05 | J34: +E2 +250nM Palbo/-E2/+E2 +250nM Palbo->-E2 #1 | K34: =E34/B5 -> 91.425
A35: +E2+Palbo 250nM #2 | B35: ='Rep2 10.17.19'!B49 -> 3092 | D35: +E2 +250nM Palbo/-E2/+E2 +250nM Palbo->-E2 #2 | E35: ='Rep2 10.17.19'!J49 -> 3573 | G35: +E2+Palbo 250nM #2 | H35: =B35/B6 -> 88.342857 | J35: +E2 +250nM Palbo/-E2/+E2 +250nM Palbo->-E2 #2 | K35: =E35/B6 -> 102.08571
A36: +E2+Palbo 250nM #3 | B36: ='Rep2 10.17.19'!B50 -> 3290 | D36: +E2 +250nM Palbo/-E2/+E2 +250nM Palbo->-E2 #3 | E36: ='Rep2 10.17.19'!J50 -> 3433 | G36: +E2+Palbo 250nM #3 | H36: =B36/B7 -> 63.269231 | J36: +E2 +250nM Palbo/-E2/+E2 +250nM Palbo->-E2 #3 | K36: =E36/B7 -> 66.019231

Sheet Sheet3
A2: Day 0
A3: +E2
A4: Sample | B4: Counter Read | K4: Day0 | L4: Week1 | M4: Week2 | N4: Week3 | O4: Week4
A5: +E2 #1 | B5: ='Rep3 11.19.19'!B15 -> 45 | J5: +E2 +250nM Palbo | K5: 1 | L5: =AVERAGE(H12:H14) -> 3.3628443 | M5: =AVERAGE(H20:H22) -> 9.4729214 | N5: =AVERAGE(H27:H29) -> 41.382685 | O5: =AVERAGE(H34:H36) -> 53.433223
A6: +E2 #2 | B6: ='Rep3 11.19.19'!B16 -> 46 | J6: Alternating | K6: 1 | L6: =AVERAGE(H12:H14) -> 3.3628443 | M6: =AVERAGE(K20:K22) -> 17.38599 | N6: =AVERAGE(K27:K29) -> 61.980193 | O6: =AVERAGE(K34:K36) -> 69.259242
A7: +E2 #3 | B7: ='Rep3 11.19.19'!B17 -> 57
A9: Week 1 | G9: Week 1
A10: +E2 +250nM Palbo | G10: +E2 +250nM Palbo
A11: Sample | B11: Counter Read | G11: Sample | H11: Counter Read
A12: +E2+Palbo 250nM #1 | B12: ='Rep3 11.19.19'!B22 -> 188 | G12: +E2+Palbo 250nM #1 | H12: =B12/B5 -> 4.1777778
A13: +E2+Palbo 250nM #2 | B13: ='Rep3 11.19.19'!B23 -> 146 | G13: +E2+Palbo 250nM #2 | H13: =B13/B6 -> 3.173913
A14: +E2+Palbo 250nM #3 | B14: ='Rep3 11.19.19'!B24 -> 156 | G14: +E2+Palbo 250nM #3 | H14: =B14/B7 -> 2.7368421
A17: Week 2 | G17: Week 2
A18: +E2 +250nM Palbo | D18: +E2 +250nM Palbo->-E2 | G18: +E2 +250nM Palbo | J18: +E2 +250nM Palbo->-E2
A19: Sample | B19: Counter Read | D19: Sample | E19: Counter Read | G19: Sample | H19: Counter Read | J19: Sample | K19: Counter Read
A20: +E2+Palbo 250nM #1 | B20: ='Rep3 11.19.19'!B30 -> 480 | D20: +E2 +250nM Palbo/-E2 #1 | E20: ='Rep3 11.19.19'!J30 -> 822 | G20: +E2+Palbo 250nM #1 | H20: =B20/B5 -> 10.666667 | J20: +E2 +250nM Palbo/-E2 #1 | K20: =E20/B5 -> 18.266667
A21: +E2+Palbo 250nM #2 | B21: ='Rep3 11.19.19'!B31 -> 472 | D21: +E2 +250nM Palbo/-E2 #2 | E21: ='Rep3 11.19.19'!J31 -> 869 | G21: +E2+Palbo 250nM #2 | H21: =B21/B6 -> 10.26087 | J21: +E2 +250nM Palbo/-E2 #2 | K21: =E21/B6 -> 18.891304
A22: +E2+Palbo 250nM #3 | B22: ='Rep3 11.19.19'!B32 -> 427 | D22: +E2 +250nM Palbo/-E2 #3 | E22: ='Rep3 11.19.19'!J32 -> 855 | G22: +E2+Palbo 250nM #3 | H22: =B22/B7 -> 7.4912281 | J22: +E2 +250nM Palbo/-E2 #3 | K22: =E22/B7 -> 15
A24: Week 3 | G24: Week 3
A25: +E2 +250nM Palbo | D25: +E2 +250nM Palbo->-E2->+E2 +250nM Palbo | G25: +E2 +250nM Palbo | J25: +E2 +250nM Palbo->-E2->+E2 +250nM Palbo
A26: Sample | B26: Counter Read | D26: Sample | E26: Counter Read | G26: Sample | H26: Counter Read | J26: Sample | K26: Counter Read
A27: +E2+Palbo 250nM #1 | B27: ='Rep3 11.19.19'!B39 -> 2052 | D27: +E2 +250nM Palbo/-E2/+E2 +250nM Palbo #1 | E27: ='Rep3 11.19.19'!J39 -> 3012 | G27: +E2+Palbo 250nM #1 | H27: =B27/B5 -> 45.6 | J27: +E2 +250nM Palbo/-E2/+E2 +250nM Palbo #1 | K27: =E27/B5 -> 66.933333
A28: +E2+Palbo 250nM #2 | B28: ='Rep3 11.19.19'!B40 -> 2025 | D28: +E2 +250nM Palbo/-E2/+E2 +250nM Palbo #2 | E28: ='Rep3 11.19.19'!J40 -> 3067 | G28: +E2+Palbo 250nM #2 | H28: =B28/B6 -> 44.021739 | J28: +E2 +250nM Palbo/-E2/+E2 +250nM Palbo #2 | K28: =E28/B6 -> 66.673913
A29: +E2+Palbo 250nM #3 | B29: ='Rep3 11.19.19'!B41 -> 1968 | D29: +E2 +250nM Palbo/-E2/+E2 +250nM Palbo #3 | E29: ='Rep3 11.19.19'!J41 -> 2983 | G29: +E2+Palbo 250nM #3 | H29: =B29/B7 -> 34.526316 | J29: +E2 +250nM Palbo/-E2/+E2 +250nM Palbo #3 | K29: =E29/B7 -> 52.333333
A31: Week 4 | G31: Week 4
A32: +E2 +250nM Palbo | D32: +E2 +250nM Palbo->-E2->+E2 +250nM Palbo->-E2 | G32: +E2 +250nM Palbo | J32: +E2 +250nM Palbo->-E2->+E2 +250nM Palbo->-E2
A33: Sample | B33: Counter Read | D33: Sample | E33: Counter Read | G33: Sample | H33: Counter Read | J33: Sample | K33: Counter Read
A34: +E2+Palbo 250nM #1 | B34: ='Rep3 11.19.19'!B48 -> 2654 | D34: +E2 +250nM Palbo/-E2/+E2 +250nM Palbo->-E2 #1 | E34: ='Rep3 11.19.19'!J48 -> 3402 | G34: +E2+Palbo 250nM #1 | H34: =B34/B5 -> 58.977778 | J34: +E2 +250nM Palbo/-E2/+E2 +250nM Palbo->-E2 #1 | K34: =E34/B5 -> 75.6
A35: +E2+Palbo 250nM #2 | B35: ='Rep3 11.19.19'!B49 -> 2590 | D35: +E2 +250nM Palbo/-E2/+E2 +250nM Palbo->-E2 #2 | E35: ='Rep3 11.19.19'!J49 -> 3346 | G35: +E2+Palbo 250nM #2 | H35: =B35/B6 -> 56.304348 | J35: +E2 +250nM Palbo/-E2/+E2 +250nM Palbo->-E2 #2 | K35: =E35/B6 -> 72.73913
A36: +E2+Palbo 250nM #3 | B36: ='Rep3 11.19.19'!B50 -> 2566 | D36: +E2 +250nM Palbo/-E2/+E2 +250nM Palbo->-E2 #3 | E36: ='Rep3 11.19.19'!J50 -> 3388 | G36: +E2+Palbo 250nM #3 | H36: =B36/B7 -> 45.017544 | J36: +E2 +250nM Palbo/-E2/+E2 +250nM Palbo->-E2 #3 | K36: =E36/B7 -> 59.438596
