Workbook

Sheet Rep1
A1: Coulter Counter Counts: MCF7 500nM Abema 7day Timecourse
A2: Monday 10/26/20, plated (7) 60mm dishes with 275k and (2) 60mm dishes with 150k of MCF7 p82+12+15+43. Two plates with 150k cell are for Days 6 and 7 of Veh to avoid overcrowding.
A3: Tuesday 10/27/20, Count T=0 plate. Dose (4) plates with Veh (.04% DMSO) and (4) plates with 500nM Abema.
A4: Wednesday 10/28/20, Count Day 1 plates.
A5: Friday 10/30/20, Count Day 3 plates. Re-dose remaining plates for Days 6 and 7.
A6: Monday 11/2/20, Count Day 6 plates
A7: Tuesday 11/3/20, Count Day 7 plates
A9: T=0 (10/27)
A10: Sample | B10: Counter Read | C10: Cells/mL | D10: mL of cells | E10: Total cell number | F10: Average total cell # | G10: Stdev
A11: T=0 #1 | B11: 124 | C11: =B11*400 -> 49600 | D11: 2.5 | E11: =C11*D11 -> 124000 | F11: =AVERAGE(E11:E13) -> 108000 | G11: =_xlfn.STDEV.S(E11:E13) -> 14422.205
A12: T=0 #2 | B12: 96 | C12: =B12*400 -> 38400 | D12: 2.5 | E12: =C12*D12 -> 96000
A13: T=0 #3 | B13: 104 | C13: =B13*400 -> 41600 | D13: 2.5 | E13: =C13*D13 -> 104000
A16: Day 1 (10/28)
A17: Veh | I17: 500nM Abema
A18: Sample | B18: Counter Read | C18: Cells/mL | D18: mL of cells | E18: Total cell number | F18: Average total cell # | G18: Stdev | I18: Sample | J18: Counter Read | K18: Cells/mL | L18: mL of cells | M18: Total cell number | N18: Average total cell # | O18: Stdev
A19: Day 1 Veh #1 | B19: 203 | C19: =B19*400 -> 81200 | D19: 2.5 | E19: =C19*D19 -> 203000 | F19: =AVERAGE(E19:E21) -> 188000 | G19: =_xlfn.STDEV.S(E19:E21) -> 24269.322 | I19: Day 1 Abema #1 | J19: 155 | K19: =J19*400 -> 62000 | L19: 2.5 | M19: =K19*L19 -> 155000 | N19: =AVERAGE(M19:M21) -> 161666.67 | O19: =_xlfn.STDEV.S(K19:K21) -> 3055.0505
A20: Day 1 Veh #2 | B20: 201 | C20: =B20*400 -> 80400 | D20: 2.5 | E20: =C20*D20 -> 201000 | I20: Day 1 Abema #2 | J20: 160 | K20: =J20*400 -> 64000 | L20: 2.5 | M20: =K20*L20 -> 160000
A21: Day 1 Veh #3 | B21: 160 | C21: =B21*400 -> 64000 | D21: 2.5 | E21: =C21*D21 -> 160000 | I21: Day 1 Abema #3 | J21: 170 | K21: =J21*400 -> 68000 | L21: 2.5 | M21: =K21*L21 -> 170000
A22: Wednesday 10/28/20, Visually plates look very similar, very few/barely any floaters
A24: Day 3 (10/30)
A25: Veh | I25: 500nM Abema
A26: Sample | B26: Counter Read | C26: Cells/mL | D26: mL of cells | E26: Total cell number | F26: Average total cell # | G26: Stdev | I26: Sample | J26: Counter Read | K26: Cells/mL | L26: mL of cells | M26: Total cell number | N26: Average total cell # | O26: Stdev
A27: Day 3 Veh #1 | B27: 667 | C27: =B27*400 -> 266800 | D27: 2.5 | E27: =C27*D27 -> 667000 | F27: =AVERAGE(E27:E29) -> 656666.67 | G27: =_xlfn.STDEV.S(E27:E29) -> 11060.44 | I27: Day 3 Abema #1 | J27: 178 | K27: =J27*400 -> 71200 | L27: 2.5 | M27: =K27*L27 -> 178000 | N27: =AVERAGE(M27:M29) -> 170666.67 | O27: =_xlfn.STDEV.S(K27:K29) -> 2663.3312
A28: Day 3 Veh #2 | B28: 658 | C28: =B28*400 -> 263200 | D28: 2.5 | E28: =C28*D28 -> 658000 | I28: Day 3 Abema #2 | J28: 169 | K28: =J28*400 -> 67600 | L28: 2.5 | M28: =K28*L28 -> 169000
A29: Day 3 Veh #3 | B29: 645 | C29: =B29*400 -> 258000 | D29: 2.5 | E29: =C29*D29 -> 645000 | I29: Day 3 Abema #3 | J29: 165 | K29: =J29*400 -> 66000 | L29: 2.5 | M29: =K29*L29 -> 165000
A30: Friday 10/30/20, Veh looks ~70% confluent with some floaters. Abema cells have more floaters and are more rounded and more singular, sparce ~15-20% with small round floaters
A32: Day 6 (11/2)
A33: Veh | I33: 500nM Abema
A34: Sample | B34: Counter Read | C34: Cells/mL | D34: mL of cells | E34: Total cell number | F34: Average total cell # | G34: Stdev | I34: Sample | J34: Counter Read | K34: Cells/mL | L34: mL of cells | M34: Total cell number | N34: Average total cell # | O34: Stdev
A35: Day 6 Veh #1 | B35: 1746 | C35: =B35*400 -> 698400 | D35: 2.5 | E35: =C35*D35 -> 1746000 | F35: =AVERAGE(E35:E37) -> 1734000 | G35: =_xlfn.STDEV.S(E35:E37) -> 14422.205 | I35: Day 6 Abema #1 | J35: 375 | K35: =J35*400 -> 150000 | L35: 2.5 | M35: =K35*L35 -> 375000 | N35: =AVERAGE(M35:M37) -> 376333.33 | O35: =_xlfn.STDEV.S(K35:K37) -> 8812.1129
A36: Day 6 Veh #2 | B36: 1718 | C36: =B36*400 -> 687200 | D36: 2.5 | E36: =C36*D36 -> 1718000 | I36: Day 6 Abema #2 | J36: 399 | K36: =J36*400 -> 159600 | L36: 2.5 | M36: =K36*L36 -> 399000
A37: Day 6 Veh #3 | B37: 1738 | C37: =B37*400 -> 695200 | D37: 2.5 | E37: =C37*D37 -> 1738000 | I37: Day 6 Abema #3 | J37: 355 | K37: =J37*400 -> 142000 | L37: 2.5 | M37: =K37*L37 -> 355000
A38: Monday 11/2/20, Veh plates pretty confluent ~85% but still look okay, not overgrowing. Abema plates look ~50%, more cells in center of plate. Abema cells are larger and rounded, starting to form grape-like clusters instead of normal flat/spread out colonies. Floaters in abema plates are larger looking rounded cells
A41: Day 7 (11/3)
A42: Veh | I42: 500nM Abema
A43: Sample | B43: Counter Read | C43: Cells/mL | D43: mL of cells | E43: Total cell number | F43: Average total cell # | G43: Stdev | I43: Sample | J43: Counter Read | K43: Cells/mL | L43: mL of cells | M43: Total cell number | N43: Average total cell # | O43: Stdev
A44: Day 7 Veh #1 | B44: 2149 | C44: =B44*400 -> 859600 | D44: 2.5 | E44: =C44*D44 -> 2149000 | F44: =AVERAGE(E44:E46) -> 2162000 | G44: =_xlfn.STDEV.S(E44:E46) -> 25159.491 | I44: Day 7 Abema #1 | J44: 391 | K44: =J44*400 -> 156400 | L44: 2.5 | M44: =K44*L44 -> 391000 | N44: =AVERAGE(M44:M46) -> 370333.33 | O44: =_xlfn.STDEV.S(K44:K46) -> 12625.899
A45: Day 7 Veh #2 | B45: 2191 | C45: =B45*400 -> 876400 | D45: 2.5 | E45: =C45*D45 -> 2191000 | I45: Day 7 Abema #2 | J45: 334 | K45: =J45*400 -> 133600 | L45: 2.5 | M45: =K45*L45 -> 334000
A46: Day 7 Veh #3 | B46: 2146 | C46: =B46*400 -> 858400 | D46: 2.5 | E46: =C46*D46 -> 2146000 | I46: Day 7 Abema #3 | J46: 386 | K46: =J46*400 -> 154400 | L46: 2.5 | M46: =K46*L46 -> 386000
A47: Tuesday 11/3/20, Abema plates look same as yesterday except a little more floaters today. Veh plates are now ~95% confluent and are dying due to overcrowding, lots of floaters because of this.

Sheet Rep11
A1: Day 0
M2: Day 0 | N2: Day1 | O2: Day 3 | P2: Day 6 | Q2: Day 7
A3: Sample | B3: Counter Read | L3: Veh | M3: 1 | N3: =AVERAGE(H10:H12) -> 1.7407407 | O3: =AVERAGE(H16:H18) -> 6.0802469 | P3: =AVERAGE(H22:H24) -> 16.055556 | Q3: =AVERAGE(H28:H30) -> 20.018519
A4: #1 | B4: ='Rep1'!B11 -> 124 | L4: 500nM Abema | M4: 1 | N4: =AVERAGE(K10:K12) -> 1.4969136 | O4: =AVERAGE(K16:K18) -> 1.5802469 | P4: =AVERAGE(K22:K24) -> 3.4845679 | Q4: =AVERAGE(K28:K30) -> 3.4290123
A5: #2 | B5: ='Rep1'!B12 -> 96
A6: #3 | B6: ='Rep1'!B13 -> 104
B7: =AVERAGE(B4:B6) -> 108
A8: Day 1 | D8: Day 1 | G8: Day 1 | J8: Day 1
A9: Veh | D9: 500nM Abema | G9: Veh | J9: 500nM Abema
A10: #1 | B10: ='Rep1'!B19 -> 203 | D10: #1 | E10: ='Rep1'!J19 -> 155 | G10: #1 | H10: =B10/B7 -> 1.8796296 | J10: #1 | K10: =E10/B7 -> 1.4351852
A11: #2 | B11: ='Rep1'!B20 -> 201 | D11: #2 | E11: ='Rep1'!J20 -> 160 | G11: #2 | H11: =B11/B7 -> 1.8611111 | J11: #2 | K11: =E11/B7 -> 1.4814815
A12: #3 | B12: ='Rep1'!B21 -> 160 | D12: #3 | E12: ='Rep1'!J21 -> 170 | G12: #3 | H12: =B12/B7 -> 1.4814815 | J12: #3 | K12: =E12/B7 -> 1.5740741
A14: Day 3 | D14: Day 3 | G14: Day 3 | J14: Day 3
A15: Veh | D15: 500nM Abema | G15: Veh | J15: 500nM Abema
A16: #1 | B16: ='Rep1'!B27 -> 667 | D16: #1 | E16: ='Rep1'!J27 -> 178 | G16: #1 | H16: =B16/B7 -> 6.1759259 | J16: #1 | K16: =E16/B7 -> 1.6481481
A17: #2 | B17: ='Rep1'!B28 -> 658 | D17: #2 | E17: ='Rep1'!J28 -> 169 | G17: #2 | H17: =B17/B7 -> 6.0925926 | J17: #2 | K17: =E17/B7 -> 1.5648148
A18: #3 | B18: ='Rep1'!B29 -> 645 | D18: #3 | E18: ='Rep1'!J29 -> 165 | G18: #3 | H18: =B18/B7 -> 5.9722222 | J18: #3 | K18: =E18/B7 -> 1.5277778
A20: Day 6 | D20: Day 6 | G20: Day 6 | J20: Day 6
A21: Veh | D21: 500nM Abema | G21: Veh | J21: 500nM Abema
A22: #1 | B22: ='Rep1'!B35 -> 1746 | D22: #1 | E22: ='Rep1'!J35 -> 375 | G22: #1 | H22: =B22/B7 -> 16.166667 | J22: #1 | K22: =E22/B7 -> 3.4722222
A23: #2 | B23: ='Rep1'!B36 -> 1718 | D23: #2 | E23: ='Rep1'!J36 -> 399 | G23: #2 | H23: =B23/B7 -> 15.907407 | J23: #2 | K23: =E23/B7 -> 3.6944444
A24: #3 | B24: ='Rep1'!B37 -> 1738 | D24: #3 | E24: ='Rep1'!J37 -> 355 | G24: #3 | H24: =B24/B7 -> 16.092593 | J24: #3 | K24: =E24/B7 -> 3.287037
A26: Day 7 | D26: Day 7 | G26: Day 7 | J26: Day 7
A27: Veh | D27: 500nM Abema | G27: Veh | J27: 500nM Abema
A28: #1 | B28: ='Rep1'!B44 -> 2149 | D28: #1 | E28: ='Rep1'!J44 -> 391 | G28: #1 | H28: =B28/B7 -> 19.898148 | J28: #1 | K28: =E28/B7 -> 3.6203704
A29: #2 | B29: ='Rep1'!B45 -> 2191 | D29: #2 | E29: ='Rep1'!J45 -> 334 | G29: #2 | H29: =B29/B7 -> 20.287037 | J29: #2 | K29: =E29/B7 -> 3.0925926
A30: #3 | B30: ='Rep1'!B46 -> 2146 | D30: #3 | E30: ='Rep1'!J46 -> 386 | G30: #3 | H30: =B30/B7 -> 19.87037 | J30: #3 | K30: =E30/B7 -> 3.5740741

Sheet Rep2
A1: Coulter Counter Counts: MCF7 500nM Abema 7day Timecourse
A2: Monday 12/7/20, plated (7) 60mm dishes with 275k and (2) 60mm dishes with 100k of MCF7 p82+12+15+26. Two plates with 100k cell are for Days 6 and 7 of Veh to avoid overcrowding.
A3: Tuesday 12/8/20, Count T=0 plate. Dose (4) plates with Veh and (4) plates with 500nM Abema.
A4: Wednesday 12/9/20, Count Day 1 plates.
A5: Friday 12/11/20, Count Day 3 plates. Re-dose remaining plates for Days 6 and 7.
A6: Monday 12/14/20, Count Day 6 plates
A7: Tuesday 12/15/20, Count Day 7 plates
A9: T=0 (12/8)
A10: Sample | B10: Counter Read | C10: Cells/mL | D10: mL of cells | E10: Total cell number | F10: Average total cell # | G10: Stdev
A11: T=0 #1 | B11: 133 | C11: =B11*400 -> 53200 | D11: 2.5 | E11: =C11*D11 -> 133000 | F11: =AVERAGE(E11:E13) -> 126333.33 | G11: =_xlfn.STDEV.S(E11:E13) -> 7637.6262
A12: T=0 #2 | B12: 128 | C12: =B12*400 -> 51200 | D12: 2.5 | E12: =C12*D12 -> 128000
A13: T=0 #3 | B13: 118 | C13: =B13*400 -> 47200 | D13: 2.5 | E13: =C13*D13 -> 118000
A16: Day 1 (12/9)
A17: Veh | I17: 500nM Abema
A18: Sample | B18: Counter Read | C18: Cells/mL | D18: mL of cells | E18: Total cell number | F18: Average total cell # | G18: Stdev | I18: Sample | J18: Counter Read | K18: Cells/mL | L18: mL of cells | M18: Total cell number | N18: Average total cell # | O18: Stdev
A19: Day 1 Veh #1 | B19: 152 | C19: =B19*400 -> 60800 | D19: 2.5 | E19: =C19*D19 -> 152000 | F19: =AVERAGE(E19:E21) -> 144666.67 | G19: =_xlfn.STDEV.S(E19:E21) -> 6429.1005 | I19: Day 1 Abema #1 | J19: 102 | K19: =J19*400 -> 40800 | L19: 2.5 | M19: =K19*L19 -> 102000 | N19: =AVERAGE(M19:M21) -> 95000 | O19: =_xlfn.STDEV.S(K19:K21) -> 2800
A20: Day 1 Veh #2 | B20: 140 | C20: =B20*400 -> 56000 | D20: 2.5 | E20: =C20*D20 -> 140000 | I20: Day 1 Abema #2 | J20: 95 | K20: =J20*400 -> 38000 | L20: 2.5 | M20: =K20*L20 -> 95000
A21: Day 1 Veh #3 | B21: 142 | C21: =B21*400 -> 56800 | D21: 2.5 | E21: =C21*D21 -> 142000 | I21: Day 1 Abema #3 | J21: 88 | K21: =J21*400 -> 35200 | L21: 2.5 | M21: =K21*L21 -> 88000
A24: Day 3 (12/11)
A25: Veh | I25: 500nM Abema
A26: Sample | B26: Counter Read | C26: Cells/mL | D26: mL of cells | E26: Total cell number | F26: Average total cell # | G26: Stdev | I26: Sample | J26: Counter Read | K26: Cells/mL | L26: mL of cells | M26: Total cell number | N26: Average total cell # | O26: Stdev
A27: Day 3 Veh #1 | B27: 716 | C27: =B27*400 -> 286400 | D27: 2.5 | E27: =C27*D27 -> 716000 | F27: =AVERAGE(E27:E29) -> 674666.67 | G27: =_xlfn.STDEV.S(E27:E29) -> 42015.87 | I27: Day 3 Abema #1 | J27: 141 | K27: =J27*400 -> 56400 | L27: 2.5 | M27: =K27*L27 -> 141000 | N27: =AVERAGE(M27:M29) -> 158333.33 | O27: =_xlfn.STDEV.S(K27:K29) -> 7000.9523
A28: Day 3 Veh #2 | B28: 676 | C28: =B28*400 -> 270400 | D28: 2.5 | E28: =C28*D28 -> 676000 | I28: Day 3 Abema #2 | J28: 176 | K28: =J28*400 -> 70400 | L28: 2.5 | M28: =K28*L28 -> 176000
A29: Day 3 Veh #3 | B29: 632 | C29: =B29*400 -> 252800 | D29: 2.5 | E29: =C29*D29 -> 632000 | I29: Day 3 Abema #3 | J29: 158 | K29: =J29*400 -> 63200 | L29: 2.5 | M29: =K29*L29 -> 158000
A30: Friday 12/11/20, Veh looks ~65% confluent with some floaters. Abema cells lots of floaters, more rounded, sparce ~15%
A32: Day 6 (12/14)
A33: Veh | I33: 500nM Abema
A34: Sample | B34: Counter Read | C34: Cells/mL | D34: mL of cells | E34: Total cell number | F34: Average total cell # | G34: Stdev | I34: Sample | J34: Counter Read | K34: Cells/mL | L34: mL of cells | M34: Total cell number | N34: Average total cell # | O34: Stdev
A35: Day 6 Veh #1 | B35: 1158 | C35: =B35*400 -> 463200 | D35: 2.5 | E35: =C35*D35 -> 1158000 | F35: =AVERAGE(E35:E37) -> 1148000 | G35: =_xlfn.STDEV.S(E35:E37) -> 15620.499 | I35: Day 6 Abema #1 | J35: 294 | K35: =J35*400 -> 117600 | L35: 2.5 | M35: =K35*L35 -> 294000 | N35: =AVERAGE(M35:M37) -> 288000 | O35: =_xlfn.STDEV.S(K35:K37) -> 2622.9754
A36: Day 6 Veh #2 | B36: 1156 | C36: =B36*400 -> 462400 | D36: 2.5 | E36: =C36*D36 -> 1156000 | I36: Day 6 Abema #2 | J36: 281 | K36: =J36*400 -> 112400 | L36: 2.5 | M36: =K36*L36 -> 281000
A37: Day 6 Veh #3 | B37: 1130 | C37: =B37*400 -> 452000 | D37: 2.5 | E37: =C37*D37 -> 1130000 | I37: Day 6 Abema #3 | J37: 289 | K37: =J37*400 -> 115600 | L37: 2.5 | M37: =K37*L37 -> 289000
A38: Monday 12/11/20, Veh plate ~75% with some floaters/debris. Not as many cells/not as crowded as Rep1 because plated 100k this time for Day 6 and Day 7 (Plated 150k for Rep1). Abema plate still sparce ~25%. Abema cells are larger and growing in small grape-like clusters but spaced apart with lots of large floaters. Floaters in abema plate are larger looking rounded cells
A42: Day 7 (12/15)
A43: Veh | I43: 500nM Abema
A44: Sample | B44: Counter Read | C44: Cells/mL | D44: mL of cells | E44: Total cell number | F44: Average total cell # | G44: Stdev | I44: Sample | J44: Counter Read | K44: Cells/mL | L44: mL of cells | M44: Total cell number | N44: Average total cell # | O44: Stdev
A45: Day 7 Veh #1 | B45: 1737 | C45: =B45*400 -> 694800 | D45: 2.5 | E45: =C45*D45 -> 1737000 | F45: =AVERAGE(E45:E47) -> 1642333.3 | G45: =_xlfn.STDEV.S(E45:E47) -> 99284.104 | I45: Day 7 Abema #1 | J45: 328 | K45: =J45*400 -> 131200 | L45: 2.5 | M45: =K45*L45 -> 328000 | N45: =AVERAGE(M45:M47) -> 308000 | O45: =_xlfn.STDEV.S(K45:K47) -> 6974.2383
A46: Day 7 Veh #2 | B46: 1651 | C46: =B46*400 -> 660400 | D46: 2.5 | E46: =C46*D46 -> 1651000 | I46: Day 7 Abema #2 | J46: 296 | K46: =J46*400 -> 118400 | L46: 2.5 | M46: =K46*L46 -> 296000
A47: Day 7 Veh #3 | B47: 1539 | C47: =B47*400 -> 615600 | D47: 2.5 | E47: =C47*D47 -> 1539000 | I47: Day 7 Abema #3 | J47: 300 | K47: =J47*400 -> 120000 | L47: 2.5 | M47: =K47*L47 -> 300000
A48: Tuesday 12/15/20, Veh plate are ~80%. Abema plate ~25-30% with more large floaters than Veh but also small debris floaters in Abema plate today.

Sheet Rep22
A1: Day 0
M2: Day 0 | N2: Day1 | O2: Day 3 | P2: Day 6 | Q2: Day 7
A3: Sample | B3: Counter Read | L3: Veh | M3: 1 | N3: =AVERAGE(H10:H12) -> 1.1451187 | O3: =AVERAGE(H16:H18) -> 5.3403694 | P3: =AVERAGE(H22:H24) -> 9.0870712 | Q3: =AVERAGE(H28:H30) -> 13
A4: #1 | B4: ='Rep2'!B11 -> 133 | L4: 500nM Abema | M4: 1 | N4: =AVERAGE(K10:K12) -> 0.75197889 | O4: =AVERAGE(K16:K18) -> 1.2532982 | P4: =AVERAGE(K22:K24) -> 2.2796834 | Q4: =AVERAGE(K28:K30) -> 2.4379947
A5: #2 | B5: ='Rep2'!B12 -> 128
A6: #3 | B6: ='Rep2'!B13 -> 118
B7: =AVERAGE(B4:B6) -> 126.33333
A8: Day 1 | D8: Day 1 | G8: Day 1 | J8: Day 1
A9: Veh | D9: 500nM Abema | G9: Veh | J9: 500nM Abema
A10: #1 | B10: ='Rep2'!B19 -> 152 | D10: #1 | E10: ='Rep2'!J19 -> 102 | G10: #1 | H10: =B10/B7 -> 1.2031662 | J10: #1 | K10: =E10/B7 -> 0.80738786
A11: #2 | B11: ='Rep2'!B20 -> 140 | D11: #2 | E11: ='Rep2'!J20 -> 95 | G11: #2 | H11: =B11/B7 -> 1.1081794 | J11: #2 | K11: =E11/B7 -> 0.75197889
A12: #3 | B12: ='Rep2'!B21 -> 142 | D12: #3 | E12: ='Rep2'!J21 -> 88 | G12: #3 | H12: =B12/B7 -> 1.1240106 | J12: #3 | K12: =E12/B7 -> 0.69656992
A14: Day 3 | D14: Day 3 | G14: Day 3 | J14: Day 3
A15: Veh | D15: 500nM Abema | G15: Veh | J15: 500nM Abema
A16: #1 | B16: ='Rep2'!B27 -> 716 | D16: #1 | E16: ='Rep2'!J27 -> 141 | G16: #1 | H16: =B16/B7 -> 5.6675462 | J16: #1 | K16: =E16/B7 -> 1.116095
A17: #2 | B17: ='Rep2'!B28 -> 676 | D17: #2 | E17: ='Rep2'!J28 -> 176 | G17: #2 | H17: =B17/B7 -> 5.3509235 | J17: #2 | K17: =E17/B7 -> 1.3931398
A18: #3 | B18: ='Rep2'!B29 -> 632 | D18: #3 | E18: ='Rep2'!J29 -> 158 | G18: #3 | H18: =B18/B7 -> 5.0026385 | J18: #3 | K18: =E18/B7 -> 1.2506596
A20: Day 6 | D20: Day 6 | G20: Day 6 | J20: Day 6
A21: Veh | D21: 500nM Abema | G21: Veh | J21: 500nM Abema
A22: #1 | B22: ='Rep2'!B35 -> 1158 | D22: #1 | E22: ='Rep2'!J35 -> 294 | G22: #1 | H22: =B22/B7 -> 9.1662269 | J22: #1 | K22: =E22/B7 -> 2.3271768
A23: #2 | B23: ='Rep2'!B36 -> 1156 | D23: #2 | E23: ='Rep2'!J36 -> 281 | G23: #2 | H23: =B23/B7 -> 9.1503958 | J23: #2 | K23: =E23/B7 -> 2.2242744
A24: #3 | B24: ='Rep2'!B37 -> 1130 | D24: #3 | E24: ='Rep2'!J37 -> 289 | G24: #3 | H24: =B24/B7 -> 8.944591 | J24: #3 | K24: =E24/B7 -> 2.2875989
A26: Day 7 | D26: Day 7 | G26: Day 7 | J26: Day 7
A27: Veh | D27: 500nM Abema | G27: Veh | J27: 500nM Abema
A28: #1 | B28: ='Rep2'!B45 -> 1737 | D28: #1 | E28: ='Rep2'!J45 -> 328 | G28: #1 | H28: =B28/B7 -> 13.74934 | J28: #1 | K28: =E28/B7 -> 2.5963061
A29: #2 | B29: ='Rep2'!B46 -> 1651 | D29: #2 | E29: ='Rep2'!J46 -> 296 | G29: #2 | H29: =B29/B7 -> 13.068602 | J29: #2 | K29: =E29/B7 -> 2.3430079
A30: #3 | B30: ='Rep2'!B47 -> 1539 | D30: #3 | E30: ='Rep2'!J47 -> 300 | G30: #3 | H30: =B30/B7 -> 12.182058 | J30: #3 | K30: =E30/B7 -> 2.3746702

Sheet Rep3
A1: Coulter Counter Counts: MCF7 500nM Abema 7day Timecourse
A2: Monday 12/7/20, plated (7) 60mm dishes with 275k and (2) 60mm dishes with 100k of MCF7 p82+12+15+27. Two plates with 100k cell are for Days 6 and 7 of Veh to avoid overcrowding.
A3: Tuesday 12/8/20, Count T=0 plate. Dose (4) plates with Veh and (4) plates with 500nM Abema.
A4: Wednesday 12/9/20, Count Day 1 plates.
A5: Friday 12/11/20, Count Day 3 plates. Re-dose remaining plates for Days 6 and 7.
A6: Monday 12/14/20, Count Day 6 plates
A7: Tuesday 12/15/20, Count Day 7 plates
A9: T=0 (12/8)
A10: Sample | B10: Counter Read | C10: Cells/mL | D10: mL of cells | E10: Total cell number | F10: Average total cell # | G10: Stdev
A11: T=0 #1 | B11: 114 | C11: =B11*400 -> 45600 | D11: 2.5 | E11: =C11*D11 -> 114000 | F11: =AVERAGE(E11:E13) -> 121333.33 | G11: =_xlfn.STDEV.S(E11:E13) -> 6658.3281
A12: T=0 #2 | B12: 127 | C12: =B12*400 -> 50800 | D12: 2.5 | E12: =C12*D12 -> 127000
A13: T=0 #3 | B13: 123 | C13: =B13*400 -> 49200 | D13: 2.5 | E13: =C13*D13 -> 123000
A16: Day 1 (12/9)
A17: Veh | I17: 500nM Abema
A18: Sample | B18: Counter Read | C18: Cells/mL | D18: mL of cells | E18: Total cell number | F18: Average total cell # | G18: Stdev | I18: Sample | J18: Counter Read | K18: Cells/mL | L18: mL of cells | M18: Total cell number | N18: Average total cell # | O18: Stdev
A19: Day 1 Veh #1 | B19: 132 | C19: =B19*400 -> 52800 | D19: 2.5 | E19: =C19*D19 -> 132000 | F19: =AVERAGE(E19:E21) -> 133333.33 | G19: =_xlfn.STDEV.S(E19:E21) -> 12055.428 | I19: Day 1 Abema #1 | J19: 97 | K19: =J19*400 -> 38800 | L19: 2.5 | M19: =K19*L19 -> 97000 | N19: =AVERAGE(M19:M21) -> 90333.333 | O19: =_xlfn.STDEV.S(K19:K21) -> 2444.0404
A20: Day 1 Veh #2 | B20: 122 | C20: =B20*400 -> 48800 | D20: 2.5 | E20: =C20*D20 -> 122000 | I20: Day 1 Abema #2 | J20: 85 | K20: =J20*400 -> 34000 | L20: 2.5 | M20: =K20*L20 -> 85000
A21: Day 1 Veh #3 | B21: 146 | C21: =B21*400 -> 58400 | D21: 2.5 | E21: =C21*D21 -> 146000 | I21: Day 1 Abema #3 | J21: 89 | K21: =J21*400 -> 35600 | L21: 2.5 | M21: =K21*L21 -> 89000
A24: Day 3 (12/11)
A25: Veh | I25: 500nM Abema
A26: Sample | B26: Counter Read | C26: Cells/mL | D26: mL of cells | E26: Total cell number | F26: Average total cell # | G26: Stdev | I26: Sample | J26: Counter Read | K26: Cells/mL | L26: mL of cells | M26: Total cell number | N26: Average total cell # | O26: Stdev
A27: Day 3 Veh #1 | B27: 569 | C27: =B27*400 -> 227600 | D27: 2.5 | E27: =C27*D27 -> 569000 | F27: =AVERAGE(E27:E29) -> 568666.67 | G27: =_xlfn.STDEV.S(E27:E29) -> 24501.701 | I27: Day 3 Abema #1 | J27: 162 | K27: =J27*400 -> 64800 | L27: 2.5 | M27: =K27*L27 -> 162000 | N27: =AVERAGE(M27:M29) -> 147666.67 | O27: =_xlfn.STDEV.S(K27:K29) -> 5281.414
A28: Day 3 Veh #2 | B28: 593 | C28: =B28*400 -> 237200 | D28: 2.5 | E28: =C28*D28 -> 593000 | I28: Day 3 Abema #2 | J28: 145 | K28: =J28*400 -> 58000 | L28: 2.5 | M28: =K28*L28 -> 145000
A29: Day 3 Veh #3 | B29: 544 | C29: =B29*400 -> 217600 | D29: 2.5 | E29: =C29*D29 -> 544000 | I29: Day 3 Abema #3 | J29: 136 | K29: =J29*400 -> 54400 | L29: 2.5 | M29: =K29*L29 -> 136000
A30: Friday 12/11/20, Veh looks ~60% confluent with some floaters. Abema cells lots of floaters, more rounded, sparce ~15%
A32: Day 6 (12/14)
A33: Veh | I33: 500nM Abema
A34: Sample | B34: Counter Read | C34: Cells/mL | D34: mL of cells | E34: Total cell number | F34: Average total cell # | G34: Stdev | I34: Sample | J34: Counter Read | K34: Cells/mL | L34: mL of cells | M34: Total cell number | N34: Average total cell # | O34: Stdev
A35: Day 6 Veh #1 | B35: 1097 | C35: =B35*400 -> 438800 | D35: 2.5 | E35: =C35*D35 -> 1097000 | F35: =AVERAGE(E35:E37) -> 1054666.7 | G35: =_xlfn.STDEV.S(E35:E37) -> 51733.29 | I35: Day 6 Abema #1 | J35: 269 | K35: =J35*400 -> 107600 | L35: 2.5 | M35: =K35*L35 -> 269000 | N35: =AVERAGE(M35:M37) -> 272333.33 | O35: =_xlfn.STDEV.S(K35:K37) -> 2663.3312
A36: Day 6 Veh #2 | B36: 997 | C36: =B36*400 -> 398800 | D36: 2.5 | E36: =C36*D36 -> 997000 | I36: Day 6 Abema #2 | J36: 268 | K36: =J36*400 -> 107200 | L36: 2.5 | M36: =K36*L36 -> 268000
A37: Day 6 Veh #3 | B37: 1070 | C37: =B37*400 -> 428000 | D37: 2.5 | E37: =C37*D37 -> 1070000 | I37: Day 6 Abema #3 | J37: 280 | K37: =J37*400 -> 112000 | L37: 2.5 | M37: =K37*L37 -> 280000
A38: Monday 12/11/20, Veh plate ~70-75% with some floaters/debris. Not as many cells/not as crowded as Rep1 because plated 100k this time for Day 6 and Day 7 (Plated 150k for Rep1). Abema plate still sparce ~25%. Abema cells are larger and growing in small grape-like clusters but spaced apart with lots of large floaters. Floaters in abema plate are larger looking rounded cells
A42: Day 7 (12/15)
A43: Veh | I43: 500nM Abema
A44: Sample | B44: Counter Read | C44: Cells/mL | D44: mL of cells | E44: Total cell number | F44: Average total cell # | G44: Stdev | I44: Sample | J44: Counter Read | K44: Cells/mL | L44: mL of cells | M44: Total cell number | N44: Average total cell # | O44: Stdev
A45: Day 7 Veh #1 | B45: 1595 | C45: =B45*400 -> 638000 | D45: 2.5 | E45: =C45*D45 -> 1595000 | F45: =AVERAGE(E45:E47) -> 1594000 | G45: =_xlfn.STDEV.S(E45:E47) -> 28513.155 | I45: Day 7 Abema #1 | J45: 333 | K45: =J45*400 -> 133200 | L45: 2.5 | M45: =K45*L45 -> 333000 | N45: =AVERAGE(M45:M47) -> 302666.67 | O45: =_xlfn.STDEV.S(K45:K47) -> 10555.251
A46: Day 7 Veh #2 | B46: 1565 | C46: =B46*400 -> 626000 | D46: 2.5 | E46: =C46*D46 -> 1565000 | I46: Day 7 Abema #2 | J46: 290 | K46: =J46*400 -> 116000 | L46: 2.5 | M46: =K46*L46 -> 290000
A47: Day 7 Veh #3 | B47: 1622 | C47: =B47*400 -> 648800 | D47: 2.5 | E47: =C47*D47 -> 1622000 | I47: Day 7 Abema #3 | J47: 285 | K47: =J47*400 -> 114000 | L47: 2.5 | M47: =K47*L47 -> 285000
A48: Tuesday 12/15/20, Veh plate are ~80%. Abema plate ~25-30% with more large floaters than Veh but also small debris floaters in Abema plate today.

Sheet Rep33
A1: Day 0
M2: Day 0 | N2: Day1 | O2: Day 3 | P2: Day 6 | Q2: Day 7
A3: Sample | B3: Counter Read | L3: Veh | M3: 1 | N3: =AVERAGE(H10:H12) -> 1.0989011 | O3: =AVERAGE(H16:H18) -> 4.6868132 | P3: =AVERAGE(H22:H24) -> 8.6923077 | Q3: =AVERAGE(H28:H30) -> 13.137363
A4: #1 | B4: ='Rep3'!B11 -> 114 | L4: 500nM Abema | M4: 1 | N4: =AVERAGE(K10:K12) -> 0.74450549 | O4: =AVERAGE(K16:K18) -> 1.217033 | P4: =AVERAGE(K22:K24) -> 2.2445055 | Q4: =AVERAGE(K28:K30) -> 2.4945055
A5: #2 | B5: ='Rep3'!B12 -> 127
A6: #3 | B6: ='Rep3'!B13 -> 123
B7: =AVERAGE(B4:B6) -> 121.33333
A8: Day 1 | D8: Day 1 | G8: Day 1 | J8: Day 1
A9: Veh | D9: 500nM Abema | G9: Veh | J9: 500nM Abema
A10: #1 | B10: ='Rep3'!B19 -> 132 | D10: #1 | E10: ='Rep3'!J19 -> 97 | G10: #1 | H10: =B10/B7 -> 1.0879121 | J10: #1 | K10: =E10/B7 -> 0.79945055
A11: #2 | B11: ='Rep3'!B20 -> 122 | D11: #2 | E11: ='Rep3'!J20 -> 85 | G11: #2 | H11: =B11/B7 -> 1.0054945 | J11: #2 | K11: =E11/B7 -> 0.70054945
A12: #3 | B12: ='Rep3'!B21 -> 146 | D12: #3 | E12: ='Rep3'!J21 -> 89 | G12: #3 | H12: =B12/B7 -> 1.2032967 | J12: #3 | K12: =E12/B7 -> 0.73351648
A14: Day 3 | D14: Day 3 | G14: Day 3 | J14: Day 3
A15: Veh | D15: 500nM Abema | G15: Veh | J15: 500nM Abema
A16: #1 | B16: ='Rep3'!B27 -> 569 | D16: #1 | E16: ='Rep3'!J27 -> 162 | G16: #1 | H16: =B16/B7 -> 4.6895604 | J16: #1 | K16: =E16/B7 -> 1.3351648
A17: #2 | B17: ='Rep3'!B28 -> 593 | D17: #2 | E17: ='Rep3'!J28 -> 145 | G17: #2 | H17: =B17/B7 -> 4.8873626 | J17: #2 | K17: =E17/B7 -> 1.1950549
A18: #3 | B18: ='Rep3'!B29 -> 544 | D18: #3 | E18: ='Rep3'!J29 -> 136 | G18: #3 | H18: =B18/B7 -> 4.4835165 | J18: #3 | K18: =E18/B7 -> 1.1208791
A20: Day 6 | D20: Day 6 | G20: Day 6 | J20: Day 6
A21: Veh | D21: 500nM Abema | G21: Veh | J21: 500nM Abema
A22: #1 | B22: ='Rep3'!B35 -> 1097 | D22: #1 | E22: ='Rep3'!J35 -> 269 | G22: #1 | H22: =B22/B7 -> 9.0412088 | J22: #1 | K22: =E22/B7 -> 2.217033
A23: #2 | B23: ='Rep3'!B36 -> 997 | D23: #2 | E23: ='Rep3'!J36 -> 268 | G23: #2 | H23: =B23/B7 -> 8.217033 | J23: #2 | K23: =E23/B7 -> 2.2087912
A24: #3 | B24: ='Rep3'!B37 -> 1070 | D24: #3 | E24: ='Rep3'!J37 -> 280 | G24: #3 | H24: =B24/B7 -> 8.8186813 | J24: #3 | K24: =E24/B7 -> 2.3076923
A26: Day 7 | D26: Day 7 | G26: Day 7 | J26: Day 7
A27: Veh | D27: 500nM Abema | G27: Veh | J27: 500nM Abema
A28: #1 | B28: ='Rep3'!B45 -> 1595 | D28: #1 | E28: ='Rep3'!J45 -> 333 | G28: #1 | H28: =B28/B7 -> 13.145604 | J28: #1 | K28: =E28/B7 -> 2.7445055
A29: #2 | B29: ='Rep3'!B46 -> 1565 | D29: #2 | E29: ='Rep3'!J46 -> 290 | G29: #2 | H29: =B29/B7 -> 12.898352 | J29: #2 | K29: =E29/B7 -> 2.3901099
A30: #3 | B30: ='Rep3'!B47 -> 1622 | D30: #3 | E30: ='Rep3'!J47 -> 285 | G30: #3 | H30: =B30/B7 -> 13.368132 | J30: #3 | K30: =E30/B7 -> 2.3489011
