Workbook

Sheet Sheet1 3w
A1: Coulter Counter Counts MCF7f: ICI+Palbo combo 3weeks
A2: Thursday 9/24/20: Plated 45k cells on (4) 60mm dishes of MCF7f p82+12+15+38.
A3: Friday 9/25/20: Count T=0 plate. Dosed other 3 plates accordingly: 200nM ICI only, 200nM ICI+50nM Palbo, 200nM ICI+100nM Palbo
A4: Re-dose plates every Tuesday and Friday
A5: Notes: Friday 10/2/20: After one week, ICI only plate ~40% confluent with large flat colonies. ICI+50nM Palbo plate is about one third of that. ICI+100nM Palbo, about a forth of that, has grown very little and cells look more rounded up on this plate.
A6: Notes: Friday 10/9/20: After two weeks, ICI only plate ~70 confluent. ICI+50nM Palbo plate ~15%, ICI+100nM Palbo plate ~5%.
A7: Friday 10/16/20: Ended at Week 3 Trypsinized and counted each plate (3 reps each) using coulter counter (ended one week early due to ICI plate being confluent). Notes: ICI plate 95% confluent, ICI+50nM Palbo 20% confluent, ICI+100nM Palbo 7% confluent, very sparce but still small colonies. None of the plates showed severe rounding of cells like in the other 4+week Palbo, ICI experiments.
C10: T=0 9/25
A11: T=0
A12: Sample | B12: Counter Read | C12: Cells/mL | D12: mL of cells | E12: Total cell number | F12: Average total cell # | G12: Stdev
A13: T=0 #1 | B13: 44 | C13: =B13*400 -> 17600 | D13: 2.5 | E13: =C13*D13 -> 44000 | F13: =AVERAGE(E13:E15) -> 42666.667 | G13: =_xlfn.STDEV.S(E13:E15) -> 4163.332
A14: T=0 #2 | B14: 46 | C14: =B14*400 -> 18400 | D14: 2.5 | E14: =C14*D14 -> 46000
A15: T=0 #3 | B15: 38 | C15: =B15*400 -> 15200 | D15: 2.5 | E15: =C15*D15 -> 38000
G18: 3 weeks 10/16
A19: 200nM ICI | I19: 200nM ICI+50nM Palbo
A20: Sample | B20: Counter Read | C20: Cells/mL | D20: mL of cells | E20: Total cell number | F20: Average total cell # | G20: Stdev | I20: Sample | J20: Counter Read | K20: Cells/mL | L20: mL of cells | M20: Total cell number | N20: Average total cell # | O20: Stdev
A21: 200nM ICI #1 | B21: 2792 | C21: =B21*400 -> 1116800 | D21: 2.5 | E21: =C21*D21 -> 2792000 | F21: =AVERAGE(E21:E23) -> 2876000 | G21: =_xlfn.STDEV.S(E21:E23) -> 106658.33 | I21: 200nM ICI+50nM Palbo #1 | J21: 424 | K21: =J21*400 -> 169600 | L21: 2.5 | M21: =K21*L21 -> 424000 | N21: =AVERAGE(M21:M23) -> 410000 | O21: =_xlfn.STDEV.S(K21:K23) -> 8352.2452
A22: 200nM ICI #2 | B22: 2996 | C22: =B22*400 -> 1198400 | D22: 2.5 | E22: =C22*D22 -> 2996000 | I22: 200nM ICI+50nM Palbo #2 | J22: 386 | K22: =J22*400 -> 154400 | L22: 2.5 | M22: =K22*L22 -> 386000
A23: 200nM ICI #3 | B23: 2840 | C23: =B23*400 -> 1136000 | D23: 2.5 | E23: =C23*D23 -> 2840000 | I23: 200nM ICI+50nM Palbo #3 | J23: 420 | K23: =J23*400 -> 168000 | L23: 2.5 | M23: =K23*L23 -> 420000
A25: 200nM ICI+100nM Palbo
A26: Sample | B26: Counter Read | C26: Cells/mL | D26: mL of cells | E26: Total cell number | F26: Average total cell # | G26: Stdev
A27: 200nM ICI+100nM Palbo #1 | B27: 134 | C27: =B27*400 -> 53600 | D27: 2.5 | E27: =C27*D27 -> 134000 | F27: =AVERAGE(E27:E29) -> 113333.33 | G27: =_xlfn.STDEV.S(E27:E29) -> 18583.146
A28: 200nM ICI+100nM Palbo #2 | B28: 98 | C28: =B28*400 -> 39200 | D28: 2.5 | E28: =C28*D28 -> 98000
A29: 200nM ICI+100nM Palbo #3 | B29: 108 | C29: =B29*400 -> 43200 | D29: 2.5 | E29: =C29*D29 -> 108000
A33: Averages: | F33: MCF7f | G33: Stdev
B34: MCF7f | C34: Stdev | E34: T=0 | F34: 42666.667 | G34: 4163.332
A35: 200nM ICI | B35: 2876000 | C35: 106658.33
A36: 200nM ICI+50nM Palbo | B36: 410000 | C36: 8352.2452
A37: 200nM ICI+100nM Palbo | B37: 113333.33 | C37: 18583.146
A40: Normalized to T=0
B41: MCF7f
A42: T=0 | B42: 1
A43: 200nM ICI | B43: =B35/F34 -> 67.40625
A44: 200nM ICI+50nM Palbo | B44: =B36/F34 -> 9.609375
A45: 200nM ICI+100nM Palbo | B45: =B37/F34 -> 2.65625

Sheet Sheet2 2.5w
A1: Coulter Counter Counts MCF7f: ICI+Palbo combo 3weeks Rep#2
A2: Monday 11/2/20: Plated 45k cells on (4) 60mm dishes of MCF7f p82+12+15+45.
A3: Friday 11/3/20: Count T=0 plate. Dosed other 3 plates accordingly: 200nM ICI only, 200nM ICI+50nM Palbo, 200nM ICI+100nM Palbo
A4: Re-dose plates every Tuesday and Friday
A5: Notes: Tues 11/10/20: After one week, ICI only plate ~30% confluent with larger flat colonies. ICI+50nM Palbo (~15%) and ICI+100nM Palbo (~5%) plates more sparce and isolated, cell not forming large flat colonies like ICI only.
A6: Friday 11/20/20: Ended at 2.5 weeks, didn't want ICI plates to overgrow over weekend. Trypsinized and counted each plate (3 reps each) using coulter counter. Notes: ICI plate ~70% confluent, ICI+50nM Palbo ~15-20% confluent, ICI+100nM Palbo 5-7% confluent, very sparce but still small isolated colonies. None of the plates showed severe rounding of cells like in the other 4+week Palbo, ICI experiments.
C9: T=0 11/3
A10: T=0
A11: Sample | B11: Counter Read | C11: Cells/mL | D11: mL of cells | E11: Total cell number | F11: Average total cell # | G11: Stdev
A12: T=0 #1 | B12: 39 | C12: =B12*400 -> 15600 | D12: 2.5 | E12: =C12*D12 -> 39000 | F12: =AVERAGE(E12:E14) -> 40333.333 | G12: =_xlfn.STDEV.S(E12:E14) -> 3214.5503
A13: T=0 #2 | B13: 44 | C13: =B13*400 -> 17600 | D13: 2.5 | E13: =C13*D13 -> 44000
A14: T=0 #3 | B14: 38 | C14: =B14*400 -> 15200 | D14: 2.5 | E14: =C14*D14 -> 38000
G17: 2.5 weeks 11/20
A18: 200nM ICI | I18: 200nM ICI+50nM Palbo
A19: Sample | B19: Counter Read | C19: Cells/mL | D19: mL of cells | E19: Total cell number | F19: Average total cell # | G19: Stdev | I19: Sample | J19: Counter Read | K19: Cells/mL | L19: mL of cells | M19: Total cell number | N19: Average total cell # | O19: Stdev
A20: 200nM ICI #1 | B20: 1320 | C20: =B20*400 -> 528000 | D20: 2.5 | E20: =C20*D20 -> 1320000 | F20: =AVERAGE(E20:E22) -> 1381666.7 | G20: =_xlfn.STDEV.S(E20:E22) -> 68879.121 | I20: 200nM ICI+50nM Palbo #1 | J20: 288 | K20: =J20*400 -> 115200 | L20: 2.5 | M20: =K20*L20 -> 288000 | N20: =AVERAGE(M20:M22) -> 281000 | O20: =_xlfn.STDEV.S(K20:K22) -> 3274.1411
A21: 200nM ICI #2 | B21: 1369 | C21: =B21*400 -> 547600 | D21: 2.5 | E21: =C21*D21 -> 1369000 | I21: 200nM ICI+50nM Palbo #2 | J21: 283 | K21: =J21*400 -> 113200 | L21: 2.5 | M21: =K21*L21 -> 283000
A22: 200nM ICI #3 | B22: 1456 | C22: =B22*400 -> 582400 | D22: 2.5 | E22: =C22*D22 -> 1456000 | I22: 200nM ICI+50nM Palbo #3 | J22: 272 | K22: =J22*400 -> 108800 | L22: 2.5 | M22: =K22*L22 -> 272000
A24: 200nM ICI+100nM Palbo
A25: Sample | B25: Counter Read | C25: Cells/mL | D25: mL of cells | E25: Total cell number | F25: Average total cell # | G25: Stdev
A26: 200nM ICI+100nM Palbo #1 | B26: 100 | C26: =B26*400 -> 40000 | D26: 2.5 | E26: =C26*D26 -> 100000 | F26: =AVERAGE(E26:E28) -> 93666.667 | G26: =_xlfn.STDEV.S(E26:E28) -> 8504.9005
A27: 200nM ICI+100nM Palbo #2 | B27: 84 | C27: =B27*400 -> 33600 | D27: 2.5 | E27: =C27*D27 -> 84000
A28: 200nM ICI+100nM Palbo #3 | B28: 97 | C28: =B28*400 -> 38800 | D28: 2.5 | E28: =C28*D28 -> 97000
A32: Averages: | F32: MCF7f | G32: Stdev
B33: MCF7f | C33: Stdev | E33: T=0 | F33: 40333.333 | G33: 3214.5503
A34: 200nM ICI | B34: 1381666.7 | C34: 68879.121
A35: 200nM ICI+50nM Palbo | B35: 281000 | C35: 3274.1411
A36: 200nM ICI+100nM Palbo | B36: 93666.667 | C36: 8504.9005
A39: Normalized to T=0
B40: MCF7f
A41: T=0 | B41: 1
A42: 200nM ICI | B42: =B34/F33 -> 34.256198
A43: 200nM ICI+50nM Palbo | B43: =B35/F33 -> 6.9669421
A44: 200nM ICI+100nM Palbo | B44: =B36/F33 -> 2.322314

Sheet Sheet3 2.5w
A1: Coulter Counter Counts MCF7f: ICI+Palbo combo 3weeks Rep#3
A2: Monday 11/2/20: Plated 45k cells on (4) 60mm dishes of MCF7f p82+12+15+46.
A3: Friday 11/3/20: Count T=0 plate. Dosed other 3 plates accordingly: 200nM ICI only, 200nM ICI+50nM Palbo, 200nM ICI+100nM Palbo
A4: Re-dose plates every Tuesday and Friday
A5: Notes: Tues 11/10/20: After one week, ICI only plate ~30% confluent with larger flat colonies. ICI+50nM Palbo (~15%) and ICI+100nM Palbo (~5%) plates more sparce and isolated, cell not forming large flat colonies like ICI only.
A6: Friday 11/20/20: Ended at 2.5 weeks, didn't want ICI plates to overgrow over weekend. Trypsinized and counted each plate (3 reps each) using coulter counter. Notes: ICI plate ~80% confluent, ICI+50nM Palbo ~20% confluent, ICI+100nM Palbo 7% confluent, very sparce but still small isolated colonies. None of the plates showed severe rounding of cells like in the other 4+week Palbo, ICI experiments.
C9: T=0 11/3
A10: T=0
A11: Sample | B11: Counter Read | C11: Cells/mL | D11: mL of cells | E11: Total cell number | F11: Average total cell # | G11: Stdev
A12: T=0 #1 | B12: 40 | C12: =B12*400 -> 16000 | D12: 2.5 | E12: =C12*D12 -> 40000 | F12: =AVERAGE(E12:E14) -> 44333.333 | G12: =_xlfn.STDEV.S(E12:E14) -> 5859.4653
A13: T=0 #2 | B13: 42 | C13: =B13*400 -> 16800 | D13: 2.5 | E13: =C13*D13 -> 42000
A14: T=0 #3 | B14: 51 | C14: =B14*400 -> 20400 | D14: 2.5 | E14: =C14*D14 -> 51000
G17: 2.5 weeks 11/20
A18: 200nM ICI | I18: 200nM ICI+50nM Palbo
A19: Sample | B19: Counter Read | C19: Cells/mL | D19: mL of cells | E19: Total cell number | F19: Average total cell # | G19: Stdev | I19: Sample | J19: Counter Read | K19: Cells/mL | L19: mL of cells | M19: Total cell number | N19: Average total cell # | O19: Stdev
A20: 200nM ICI #1 | B20: 1617 | C20: =B20*400 -> 646800 | D20: 2.5 | E20: =C20*D20 -> 1617000 | F20: =AVERAGE(E20:E22) -> 1569000 | G20: =_xlfn.STDEV.S(E20:E22) -> 43266.615 | I20: 200nM ICI+50nM Palbo #1 | J20: 308 | K20: =J20*400 -> 123200 | L20: 2.5 | M20: =K20*L20 -> 308000 | N20: =AVERAGE(M20:M22) -> 325666.67 | O20: =_xlfn.STDEV.S(K20:K22) -> 7902.7421
A21: 200nM ICI #2 | B21: 1533 | C21: =B21*400 -> 613200 | D21: 2.5 | E21: =C21*D21 -> 1533000 | I21: 200nM ICI+50nM Palbo #2 | J21: 347 | K21: =J21*400 -> 138800 | L21: 2.5 | M21: =K21*L21 -> 347000
A22: 200nM ICI #3 | B22: 1557 | C22: =B22*400 -> 622800 | D22: 2.5 | E22: =C22*D22 -> 1557000 | I22: 200nM ICI+50nM Palbo #3 | J22: 322 | K22: =J22*400 -> 128800 | L22: 2.5 | M22: =K22*L22 -> 322000
A24: 200nM ICI+100nM Palbo
A25: Sample | B25: Counter Read | C25: Cells/mL | D25: mL of cells | E25: Total cell number | F25: Average total cell # | G25: Stdev
A26: 200nM ICI+100nM Palbo #1 | B26: 102 | C26: =B26*400 -> 40800 | D26: 2.5 | E26: =C26*D26 -> 102000 | F26: =AVERAGE(E26:E28) -> 107000 | G26: =_xlfn.STDEV.S(E26:E28) -> 5000
A27: 200nM ICI+100nM Palbo #2 | B27: 112 | C27: =B27*400 -> 44800 | D27: 2.5 | E27: =C27*D27 -> 112000
A28: 200nM ICI+100nM Palbo #3 | B28: 107 | C28: =B28*400 -> 42800 | D28: 2.5 | E28: =C28*D28 -> 107000
A32: Averages: | F32: MCF7f | G32: Stdev
B33: MCF7f | C33: Stdev | E33: T=0 | F33: 44333.333 | G33: 5859.4653
A34: 200nM ICI | B34: 1569000 | C34: 43266.615
A35: 200nM ICI+50nM Palbo | B35: 325666.67 | C35: 7902.7421
A36: 200nM ICI+100nM Palbo | B36: 107000 | C36: 5000
A39: Normalized to T=0
B40: MCF7f
A41: T=0 | B41: 1
A42: 200nM ICI | B42: =B34/F33 -> 35.390977
A43: 200nM ICI+50nM Palbo | B43: =B35/F33 -> 7.3458647
A44: 200nM ICI+100nM Palbo | B44: =B36/F33 -> 2.4135338

Sheet Sheet4 2.5w
A1: Coulter Counter Counts MCF7f: ICI+Palbo combo 2.5weeks Rep#3
A2: Monday 3/22/21: Plated 45k cells on (4) 60mm dishes of MCF7f p82+12+15+36.
A3: Tuesday 3/23/21: Count T=0 plate. Dosed other 3 plates accordingly: 200nM ICI only, 200nM ICI+50nM Palbo, 200nM ICI+100nM Palbo
A4: Re-dose plates every Tuesday and Friday
C9: T=0 (3/23)
A10: T=0
A11: Sample | B11: Counter Read | C11: Cells/mL | D11: mL of cells | E11: Total cell number | F11: Average total cell # | G11: Stdev
A12: T=0 #1 | B12: 56 | C12: =B12*400 -> 22400 | D12: 2.5 | E12: =C12*D12 -> 56000 | F12: =AVERAGE(E12:E14) -> 46000 | G12: =_xlfn.STDEV.S(E12:E14) -> 10535.654
A13: T=0 #2 | B13: 47 | C13: =B13*400 -> 18800 | D13: 2.5 | E13: =C13*D13 -> 47000
A14: T=0 #3 | B14: 35 | C14: =B14*400 -> 14000 | D14: 2.5 | E14: =C14*D14 -> 35000
G17: 2.5 weeks (4/9)
A18: 200nM ICI | I18: 200nM ICI+50nM Palbo
A19: Sample | B19: Counter Read | C19: Cells/mL | D19: mL of cells | E19: Total cell number | F19: Average total cell # | G19: Stdev | I19: Sample | J19: Counter Read | K19: Cells/mL | L19: mL of cells | M19: Total cell number | N19: Average total cell # | O19: Stdev
A20: 200nM ICI #1 | B20: 2285 | C20: =B20*400 -> 914000 | D20: 2.5 | E20: =C20*D20 -> 2285000 | F20: =AVERAGE(E20:E22) -> 2222333.3 | G20: =_xlfn.STDEV.S(E20:E22) -> 200485.24 | I20: 200nM ICI+50nM Palbo #1 | J20: 345 | K20: =J20*400 -> 138000 | L20: 2.5 | M20: =K20*L20 -> 345000 | N20: =AVERAGE(M20:M22) -> 324333.33 | O20: =_xlfn.STDEV.S(K20:K22) -> 10153.489
A21: 200nM ICI #2 | B21: 1998 | C21: =B21*400 -> 799200 | D21: 2.5 | E21: =C21*D21 -> 1998000 | I21: 200nM ICI+50nM Palbo #2 | J21: 296 | K21: =J21*400 -> 118400 | L21: 2.5 | M21: =K21*L21 -> 296000
A22: 200nM ICI #3 | B22: 2384 | C22: =B22*400 -> 953600 | D22: 2.5 | E22: =C22*D22 -> 2384000 | I22: 200nM ICI+50nM Palbo #3 | J22: 332 | K22: =J22*400 -> 132800 | L22: 2.5 | M22: =K22*L22 -> 332000
A24: 200nM ICI+100nM Palbo
A25: Sample | B25: Counter Read | C25: Cells/mL | D25: mL of cells | E25: Total cell number | F25: Average total cell # | G25: Stdev
A26: 200nM ICI+100nM Palbo #1 | B26: 110 | C26: =B26*400 -> 44000 | D26: 2.5 | E26: =C26*D26 -> 110000 | F26: =AVERAGE(E26:E28) -> 109333.33 | G26: =_xlfn.STDEV.S(E26:E28) -> 6027.7138
A27: 200nM ICI+100nM Palbo #2 | B27: 103 | C27: =B27*400 -> 41200 | D27: 2.5 | E27: =C27*D27 -> 103000
A28: 200nM ICI+100nM Palbo #3 | B28: 115 | C28: =B28*400 -> 46000 | D28: 2.5 | E28: =C28*D28 -> 115000
A32: Averages: | F32: MCF7f | G32: Stdev
B33: MCF7f | C33: Stdev | E33: T=0 | F33: 46000 | G33: 10535.654
A34: 200nM ICI | B34: 2222333.3 | C34: 200485.24
A35: 200nM ICI+50nM Palbo | B35: 324333.33 | C35: 10153.489
A36: 200nM ICI+100nM Palbo | B36: 109333.33 | C36: 6027.7138
A39: Normalized to T=0
B40: MCF7f
A41: T=0 | B41: 1
A42: 200nM ICI | B42: =B34/F33 -> 48.311594
A43: 200nM ICI+50nM Palbo | B43: =B35/F33 -> 7.0507246
A44: 200nM ICI+100nM Palbo | B44: =B36/F33 -> 2.3768116

Sheet Rep1 3w
A1: Day 0
A3: Sample | B3: Counter Read
A4: #1 | B4: ='Sheet1 3w'!B13 -> 44 | G4: 200nM ICI | H4: 1 | I4: =AVERAGE(E12:E14) -> 67.40625
A5: #2 | B5: ='Sheet1 3w'!B14 -> 46 | G5: 200nM ICI+50nM Palbo | H5: 1 | I5: =AVERAGE(E19:E21) -> 9.609375
A6: #3 | B6: ='Sheet1 3w'!B15 -> 38 | G6: 200nM ICI+100nM Palbo | H6: 1 | I6: =AVERAGE(E27:E29) -> 2.65625
B7: =AVERAGE(B4:B6) -> 42.666667
A9: Week 3 | D9: Week 3
A10: 200nM ICI | D10: 200nM ICI
A11: Sample | D11: Sample
A12: 200nM ICI #1 | B12: ='Sheet1 3w'!B21 -> 2792 | D12: 200nM ICI #1 | E12: =B12/B7 -> 65.4375
A13: 200nM ICI #2 | B13: ='Sheet1 3w'!B22 -> 2996 | D13: 200nM ICI #2 | E13: =B13/B7 -> 70.21875
A14: 200nM ICI #3 | B14: ='Sheet1 3w'!B23 -> 2840 | D14: 200nM ICI #3 | E14: =B14/B7 -> 66.5625
A16: Week 3 | D16: Week 3
A17: 200nM ICI+50nM Palbo | D17: 200nM ICI+50nM Palbo
A18: Sample | D18: Sample
A19: 200nM ICI+50nM Palbo #1 | B19: ='Sheet1 3w'!J21 -> 424 | D19: 200nM ICI+50nM Palbo #1 | E19: =B19/B7 -> 9.9375
A20: 200nM ICI+50nM Palbo #2 | B20: ='Sheet1 3w'!J22 -> 386 | D20: 200nM ICI+50nM Palbo #2 | E20: =B20/B7 -> 9.046875
A21: 200nM ICI+50nM Palbo #3 | B21: ='Sheet1 3w'!J23 -> 420 | D21: 200nM ICI+50nM Palbo #3 | E21: =B21/B7 -> 9.84375
A24: Week 3 | D24: Week 3
A25: 200nM ICI+100nM Palbo | D25: 200nM ICI+100nM Palbo
A26: Sample | D26: Sample
A27: 200nM ICI+100nM Palbo #1 | B27: ='Sheet1 3w'!B27 -> 134 | D27: 200nM ICI+100nM Palbo #1 | E27: =B27/B7 -> 3.140625
A28: 200nM ICI+100nM Palbo #2 | B28: ='Sheet1 3w'!B28 -> 98 | D28: 200nM ICI+100nM Palbo #2 | E28: =B28/B7 -> 2.296875
A29: 200nM ICI+100nM Palbo #3 | B29: ='Sheet1 3w'!B29 -> 108 | D29: 200nM ICI+100nM Palbo #3 | E29: =B29/B7 -> 2.53125

Sheet Rep2 2.5w
A1: Day 0
A3: Sample | B3: Counter Read
A4: #1 | B4: ='Sheet2 2.5w'!B12 -> 39 | G4: 200nM ICI | H4: 1 | I4: =AVERAGE(E12:E14) -> 34.256198
A5: #2 | B5: ='Sheet2 2.5w'!B13 -> 44 | G5: 200nM ICI+50nM Palbo | H5: 1 | I5: =AVERAGE(E19:E21) -> 6.9669421
A6: #3 | B6: ='Sheet2 2.5w'!B14 -> 38 | G6: 200nM ICI+100nM Palbo | H6: 1 | I6: =AVERAGE(E27:E29) -> 2.322314
B7: =AVERAGE(B4:B6) -> 40.333333
A9: Week 18day | D9: Week 3
A10: 200nM ICI | D10: 200nM ICI
A11: Sample | D11: Sample
A12: 200nM ICI #1 | B12: ='Sheet2 2.5w'!B20 -> 1320 | D12: 200nM ICI #1 | E12: =B12/B7 -> 32.727273
A13: 200nM ICI #2 | B13: ='Sheet2 2.5w'!B21 -> 1369 | D13: 200nM ICI #2 | E13: =B13/B7 -> 33.942149
A14: 200nM ICI #3 | B14: ='Sheet2 2.5w'!B22 -> 1456 | D14: 200nM ICI #3 | E14: =B14/B7 -> 36.099174
A16: Week 18day | D16: Week 3
A17: 200nM ICI+50nM Palbo | D17: 200nM ICI+50nM Palbo
A18: Sample | D18: Sample
A19: 200nM ICI+50nM Palbo #1 | B19: ='Sheet2 2.5w'!J20 -> 288 | D19: 200nM ICI+50nM Palbo #1 | E19: =B19/B7 -> 7.1404959
A20: 200nM ICI+50nM Palbo #2 | B20: ='Sheet2 2.5w'!J21 -> 283 | D20: 200nM ICI+50nM Palbo #2 | E20: =B20/B7 -> 7.0165289
A21: 200nM ICI+50nM Palbo #3 | B21: ='Sheet2 2.5w'!J22 -> 272 | D21: 200nM ICI+50nM Palbo #3 | E21: =B21/B7 -> 6.7438017
A24: Week 18day | D24: Week 3
A25: 200nM ICI+100nM Palbo | D25: 200nM ICI+100nM Palbo
A26: Sample | D26: Sample
A27: 200nM ICI+100nM Palbo #1 | B27: ='Sheet2 2.5w'!B26 -> 100 | D27: 200nM ICI+100nM Palbo #1 | E27: =B27/B7 -> 2.4793388
A28: 200nM ICI+100nM Palbo #2 | B28: ='Sheet2 2.5w'!B27 -> 84 | D28: 200nM ICI+100nM Palbo #2 | E28: =B28/B7 -> 2.0826446
A29: 200nM ICI+100nM Palbo #3 | B29: ='Sheet2 2.5w'!B28 -> 97 | D29: 200nM ICI+100nM Palbo #3 | E29: =B29/B7 -> 2.4049587

Sheet Rep3 2.5w
A1: Day 0
A3: Sample | B3: Counter Read
A4: #1 | B4: ='Sheet3 2.5w'!B12 -> 40 | G4: 200nM ICI | H4: 1 | I4: =AVERAGE(E12:E14) -> 35.390977
A5: #2 | B5: ='Sheet3 2.5w'!B13 -> 42 | G5: 200nM ICI+50nM Palbo | H5: 1 | I5: =AVERAGE(E19:E21) -> 7.3458647
A6: #3 | B6: ='Sheet3 2.5w'!B14 -> 51 | G6: 200nM ICI+100nM Palbo | H6: 1 | I6: =AVERAGE(E27:E29) -> 2.4135338
B7: =AVERAGE(B4:B6) -> 44.333333
A9: Week 18day | D9: Week 3
A10: 200nM ICI | D10: 200nM ICI
A11: Sample | D11: Sample
A12: 200nM ICI #1 | B12: ='Sheet3 2.5w'!B20 -> 1617 | D12: 200nM ICI #1 | E12: =B12/B7 -> 36.473684
A13: 200nM ICI #2 | B13: ='Sheet3 2.5w'!B21 -> 1533 | D13: 200nM ICI #2 | E13: =B13/B7 -> 34.578947
A14: 200nM ICI #3 | B14: ='Sheet3 2.5w'!B22 -> 1557 | D14: 200nM ICI #3 | E14: =B14/B7 -> 35.120301
A16: Week 18day | D16: Week 3
A17: 200nM ICI+50nM Palbo | D17: 200nM ICI+50nM Palbo
A18: Sample | D18: Sample
A19: 200nM ICI+50nM Palbo #1 | B19: ='Sheet3 2.5w'!J20 -> 308 | D19: 200nM ICI+50nM Palbo #1 | E19: =B19/B7 -> 6.9473684
A20: 200nM ICI+50nM Palbo #2 | B20: ='Sheet3 2.5w'!J21 -> 347 | D20: 200nM ICI+50nM Palbo #2 | E20: =B20/B7 -> 7.8270677
A21: 200nM ICI+50nM Palbo #3 | B21: ='Sheet3 2.5w'!J22 -> 322 | D21: 200nM ICI+50nM Palbo #3 | E21: =B21/B7 -> 7.2631579
A24: Week 18day | D24: Week 3
A25: 200nM ICI+100nM Palbo | D25: 200nM ICI+100nM Palbo
A26: Sample | D26: Sample
A27: 200nM ICI+100nM Palbo #1 | B27: ='Sheet3 2.5w'!B26 -> 102 | D27: 200nM ICI+100nM Palbo #1 | E27: =B27/B7 -> 2.3007519
A28: 200nM ICI+100nM Palbo #2 | B28: ='Sheet3 2.5w'!B27 -> 112 | D28: 200nM ICI+100nM Palbo #2 | E28: =B28/B7 -> 2.5263158
A29: 200nM ICI+100nM Palbo #3 | B29: ='Sheet3 2.5w'!B28 -> 107 | D29: 200nM ICI+100nM Palbo #3 | E29: =B29/B7 -> 2.4135338

Sheet Rep4 2.5w
A1: Day 0
A3: Sample | B3: Counter Read
A4: #1 | B4: ='Sheet4 2.5w'!B12 -> 56 | G4: 200nM ICI | H4: 1 | I4: =AVERAGE(E12:E14) -> 48.311594
A5: #2 | B5: ='Sheet4 2.5w'!B13 -> 47 | G5: 200nM ICI+50nM Palbo | H5: 1 | I5: =AVERAGE(E19:E21) -> 7.0507246
A6: #3 | B6: ='Sheet4 2.5w'!B14 -> 35 | G6: 200nM ICI+100nM Palbo | H6: 1 | I6: =AVERAGE(E27:E29) -> 2.3768116
B7: =AVERAGE(B4:B6) -> 46
A9: Week 18day | D9: Week 3
A10: 200nM ICI | D10: 200nM ICI
A11: Sample | D11: Sample
A12: 200nM ICI #1 | B12: ='Sheet4 2.5w'!B20 -> 2285 | D12: 200nM ICI #1 | E12: =B12/B7 -> 49.673913
A13: 200nM ICI #2 | B13: ='Sheet4 2.5w'!B21 -> 1998 | D13: 200nM ICI #2 | E13: =B13/B7 -> 43.434783
A14: 200nM ICI #3 | B14: ='Sheet4 2.5w'!B22 -> 2384 | D14: 200nM ICI #3 | E14: =B14/B7 -> 51.826087
A16: Week 18day | D16: Week 3
A17: 200nM ICI+50nM Palbo | D17: 200nM ICI+50nM Palbo
A18: Sample | D18: Sample
A19: 200nM ICI+50nM Palbo #1 | B19: ='Sheet4 2.5w'!J20 -> 345 | D19: 200nM ICI+50nM Palbo #1 | E19: =B19/B7 -> 7.5
A20: 200nM ICI+50nM Palbo #2 | B20: ='Sheet4 2.5w'!J21 -> 296 | D20: 200nM ICI+50nM Palbo #2 | E20: =B20/B7 -> 6.4347826
A21: 200nM ICI+50nM Palbo #3 | B21: ='Sheet4 2.5w'!J22 -> 332 | D21: 200nM ICI+50nM Palbo #3 | E21: =B21/B7 -> 7.2173913
A24: Week 18day | D24: Week 3
A25: 200nM ICI+100nM Palbo | D25: 200nM ICI+100nM Palbo
A26: Sample | D26: Sample
A27: 200nM ICI+100nM Palbo #1 | B27: ='Sheet4 2.5w'!B26 -> 110 | D27: 200nM ICI+100nM Palbo #1 | E27: =B27/B7 -> 2.3913043
A28: 200nM ICI+100nM Palbo #2 | B28: ='Sheet4 2.5w'!B27 -> 103 | D28: 200nM ICI+100nM Palbo #2 | E28: =B28/B7 -> 2.2391304
A29: 200nM ICI+100nM Palbo #3 | B29: ='Sheet4 2.5w'!B28 -> 115 | D29: 200nM ICI+100nM Palbo #3 | E29: =B29/B7 -> 2.5
