Workbook

Sheet Rep1 5.17.21
A1: Coulter Counter Counts: MCF7f Control Proliferation_3 weeks (10%CCS+10nM E2)_Rep#1
A2: Monday 5/17/21, plated 45k cells on (5) 60mm dishes of MCF7f p82+12+15+46 for T=0, Day7, Day10, Day14, and Day21
A3: Tuesday 5/18/21, Count T=0 plate.
A4: Friday 5/21/21, Feed all plates with fresh media (feed plates every Monday and Friday)
A5: Monday 5/24/21, Count Day 7 plate, feed remaining plates with fresh media
A6: Thursday 5/27/21, Count Day 10 plate
A7: Tuesday 6/1/21, Count day 14 plate on Day 15 instead (Monday was a holiday)
A8: Monday 6/7/21, Count day 21 plate
A12: **All counts read on 3rd floor coulter counter**
A13: T=0 (5/18)
A14: Sample | B14: Counter Read | C14: Cells/mL | D14: mL of cells | E14: Total cell number | F14: Average total cell # | G14: Stdev
A15: MCF7 T=0 #1 | B15: 47 | C15: =B15*400 -> 18800 | D15: 2.5 | E15: =C15*D15 -> 47000 | F15: =AVERAGE(E15:E17) -> 45666.667 | G15: =_xlfn.STDEV.S(E15:E17) -> 1527.5252
A16: MCF7 T=0 #2 | B16: 46 | C16: =B16*400 -> 18400 | D16: 2.5 | E16: =C16*D16 -> 46000
A17: MCF7 T=0 #3 | B17: 44 | C17: =B17*400 -> 17600 | D17: 2.5 | E17: =C17*D17 -> 44000
A19: Day 7 (5/24)
A20: Sample | B20: Counter Read | C20: Cells/mL | D20: mL of cells | E20: Total cell number | F20: Average total cell # | G20: Stdev
A21: MCF7 Day 7 #1 | B21: 1505 | C21: =B21*400 -> 602000 | D21: 2.5 | E21: =C21*D21 -> 1505000 | F21: =AVERAGE(E21:E23) -> 1498666.7 | G21: =_xlfn.STDEV.S(E21:E23) -> 50796.982
A22: MCF7 Day 7 #2 | B22: 1445 | C22: =B22*400 -> 578000 | D22: 2.5 | E22: =C22*D22 -> 1445000
A23: MCF7 Day 7 #3 | B23: 1546 | C23: =B23*400 -> 618400 | D23: 2.5 | E23: =C23*D23 -> 1546000
A26: Day 11 (5/28)
A27: Sample | B27: Counter Read | C27: Cells/mL | D27: mL of cells | E27: Total cell number | F27: Average total cell # | G27: Stdev
A28: MCF7 Day 10 #1 | B28: 6267 | C28: =B28*400 -> 2506800 | D28: 2.5 | E28: =C28*D28 -> 6267000 | F28: =AVERAGE(E28:E30) -> 6191666.7 | G28: =_xlfn.STDEV.S(E28:E30) -> 204676.17
A29: MCF7 Day 10 #2 | B29: 5960 | C29: =B29*400 -> 2384000 | D29: 2.5 | E29: =C29*D29 -> 5960000
A30: MCF7 Day 10 #3 | B30: 6348 | C30: =B30*400 -> 2539200 | D30: 2.5 | E30: =C30*D30 -> 6348000
A33: Day 14/15 (6/1)
A34: Sample* | B34: Counter Read | C34: Cells/mL | D34: mL of cells | E34: Total cell number | F34: Average total cell # | G34: Stdev
A35: MCF7 Day 15 #1 | B35: 9614 | C35: =B35*400 -> 3845600 | D35: 2.5 | E35: =C35*D35 -> 9614000 | F35: =AVERAGE(E35:E37) -> 9227666.7 | G35: =_xlfn.STDEV.S(E35:E37) -> 395818.56
A36: MCF7 Day 15 #2 | B36: 8823 | C36: =B36*400 -> 3529200 | D36: 2.5 | E36: =C36*D36 -> 8823000
A37: MCF7 Day 15 #3 | B37: 9246 | C37: =B37*400 -> 3698400 | D37: 2.5 | E37: =C37*D37 -> 9246000
A38: *Cells very confluent ~95% with lots of floaters
A39: Day 17 (Thursday): Noticed cells in "Day21" plate are very over-grown and dying. Per Ayesha and Bill, do not count. Will stop all 3 reps at day 15

Sheet Rep2 6.7.21 
A1: Coulter Counter Counts: MCF7f Control Proliferation_3 weeks (10%CCS+10nM E2)_Rep#2
A2: Monday 6/7/21, plated 45k cells on (4) 60mm dishes of MCF7f p82+12+15+52 for T=0, Day7, Day11, Day15
A3: Tuesday 6/8/21, Count T=0 plate.
A4: Friday 6/11/21, Feed all plates with fresh media (feed plates every Monday and Friday)
A5: Monday 6/14/21, Count Day 7 plate, feed remaining plates with fresh media
A6: Thursday 6/17/21, Count Day 11 plate
A7: Tuesday 6/22/21, Count Day 15
A12: **All counts read on 3rd floor coulter counter**
A13: T=0 (6/8)
A14: Sample | B14: Counter Read | C14: Cells/mL | D14: mL of cells | E14: Total cell number | F14: Average total cell # | G14: Stdev
A15: MCF7 T=0 #1 | B15: 45 | C15: =B15*400 -> 18000 | D15: 2.5 | E15: =C15*D15 -> 45000 | F15: =AVERAGE(E15:E17) -> 44333.333 | G15: =_xlfn.STDEV.S(E15:E17) -> 3055.0505
A16: MCF7 T=0 #2 | B16: 41 | C16: =B16*400 -> 16400 | D16: 2.5 | E16: =C16*D16 -> 41000
A17: MCF7 T=0 #3 | B17: 47 | C17: =B17*400 -> 18800 | D17: 2.5 | E17: =C17*D17 -> 47000
A19: Day 7 (6/14)
A20: Sample | B20: Counter Read | C20: Cells/mL | D20: mL of cells | E20: Total cell number | F20: Average total cell # | G20: Stdev
A21: MCF7 Day 7 #1 | B21: 1691 | C21: =B21*400 -> 676400 | D21: 2.5 | E21: =C21*D21 -> 1691000 | F21: =AVERAGE(E21:E23) -> 1708000 | G21: =_xlfn.STDEV.S(E21:E23) -> 18083.141
A22: MCF7 Day 7 #2 | B22: 1706 | C22: =B22*400 -> 682400 | D22: 2.5 | E22: =C22*D22 -> 1706000
A23: MCF7 Day 7 #3 | B23: 1727 | C23: =B23*400 -> 690800 | D23: 2.5 | E23: =C23*D23 -> 1727000
A24: Day 7: ~60% confluent
A26: Day 11 (6/18)
A27: Sample | B27: Counter Read | C27: Cells/mL | D27: mL of cells | E27: Total cell number | F27: Average total cell # | G27: Stdev
A28: MCF7 Day 11 #1 | B28: 5862 | C28: =B28*400 -> 2344800 | D28: 2.5 | E28: =C28*D28 -> 5862000 | F28: =AVERAGE(E28:E30) -> 5827000 | G28: =_xlfn.STDEV.S(E28:E30) -> 105929.22
A29: MCF7 Day 11 #2 | B29: 5911 | C29: =B29*400 -> 2364400 | D29: 2.5 | E29: =C29*D29 -> 5911000
A30: MCF7 Day 11 #3 | B30: 5708 | C30: =B30*400 -> 2283200 | D30: 2.5 | E30: =C30*D30 -> 5708000
A31: Day 11: ~85% confluent
A33: Day 15 (6/22)
A34: Sample* | B34: Counter Read | C34: Cells/mL | D34: mL of cells | E34: Total cell number | F34: Average total cell # | G34: Stdev
A35: MCF7 Day 15 #1 | B35: 9514 | C35: =B35*400 -> 3805600 | D35: 2.5 | E35: =C35*D35 -> 9514000 | F35: =AVERAGE(E35:E37) -> 9002333.3 | G35: =_xlfn.STDEV.S(E35:E37) -> 479608.52
A36: MCF7 Day 15 #2 | B36: 8563 | C36: =B36*400 -> 3425200 | D36: 2.5 | E36: =C36*D36 -> 8563000
A37: MCF7 Day 15 #3 | B37: 8930 | C37: =B37*400 -> 3572000 | D37: 2.5 | E37: =C37*D37 -> 8930000
A38: *Cells very confluent ~95% with lots of floaters, growing ontop of eachother

Sheet Rep3 6.7.21 
A1: Coulter Counter Counts: MCF7f Control Proliferation_3 weeks (10%CCS+10nM E2)_Rep#3
A2: Monday 6/7/21, plated 45k cells on (4) 60mm dishes of MCF7f p82+12+15+24+7 for T=0, Day7, Day11, Day15
A3: Tuesday 6/8/21, Count T=0 plate.
A4: Friday 6/11/21, Feed all plates with fresh media (feed plates every Monday and Friday)
A5: Monday 6/14/21, Count Day 7 plate, feed remaining plates with fresh media
A6: Thursday 6/17/21, Count Day 11 plate
A7: Tuesday 6/22/21, Count Day 15
A12: **All counts read on 3rd floor coulter counter**
A13: T=0 (6/8)
A14: Sample | B14: Counter Read | C14: Cells/mL | D14: mL of cells | E14: Total cell number | F14: Average total cell # | G14: Stdev
A15: MCF7 T=0 #1 | B15: 40 | C15: =B15*400 -> 16000 | D15: 2.5 | E15: =C15*D15 -> 40000 | F15: =AVERAGE(E15:E17) -> 40333.333 | G15: =_xlfn.STDEV.S(E15:E17) -> 3511.8846
A16: MCF7 T=0 #2 | B16: 44 | C16: =B16*400 -> 17600 | D16: 2.5 | E16: =C16*D16 -> 44000
A17: MCF7 T=0 #3 | B17: 37 | C17: =B17*400 -> 14800 | D17: 2.5 | E17: =C17*D17 -> 37000
A19: Day 7 (6/14)
A20: Sample | B20: Counter Read | C20: Cells/mL | D20: mL of cells | E20: Total cell number | F20: Average total cell # | G20: Stdev
A21: MCF7 Day 7 #1 | B21: 1492 | C21: =B21*400 -> 596800 | D21: 2.5 | E21: =C21*D21 -> 1492000 | F21: =AVERAGE(E21:E23) -> 1506000 | G21: =_xlfn.STDEV.S(E21:E23) -> 76961.029
A22: MCF7 Day 7 #2 | B22: 1437 | C22: =B22*400 -> 574800 | D22: 2.5 | E22: =C22*D22 -> 1437000
A23: MCF7 Day 7 #3 | B23: 1589 | C23: =B23*400 -> 635600 | D23: 2.5 | E23: =C23*D23 -> 1589000
A24: Day 7: ~50-60% confluent
A26: Day 11 (6/18)
A27: Sample | B27: Counter Read | C27: Cells/mL | D27: mL of cells | E27: Total cell number | F27: Average total cell # | G27: Stdev
A28: MCF7 Day 11 #1 | B28: 5163 | C28: =B28*400 -> 2065200 | D28: 2.5 | E28: =C28*D28 -> 5163000 | F28: =AVERAGE(E28:E30) -> 5174666.7 | G28: =_xlfn.STDEV.S(E28:E30) -> 103991.99
A29: MCF7 Day 11 #2 | B29: 5284 | C29: =B29*400 -> 2113600 | D29: 2.5 | E29: =C29*D29 -> 5284000
A30: MCF7 Day 11 #3 | B30: 5077 | C30: =B30*400 -> 2030800 | D30: 2.5 | E30: =C30*D30 -> 5077000
A31: Day 11: ~75-80% confluent
A33: Day 15 (6/22)
A34: Sample* | B34: Counter Read | C34: Cells/mL | D34: mL of cells | E34: Total cell number | F34: Average total cell # | G34: Stdev
A35: MCF7 Day 15 #1 | B35: 8099 | C35: =B35*400 -> 3239600 | D35: 2.5 | E35: =C35*D35 -> 8099000 | F35: =AVERAGE(E35:E37) -> 7846000 | G35: =_xlfn.STDEV.S(E35:E37) -> 250053.99
A36: MCF7 Day 15 #2 | B36: 7599 | C36: =B36*400 -> 3039600 | D36: 2.5 | E36: =C36*D36 -> 7599000
A37: MCF7 Day 15 #3 | B37: 7840 | C37: =B37*400 -> 3136000 | D37: 2.5 | E37: =C37*D37 -> 7840000
A38: Day 15:~90% with lots of floaters

Sheet Rep1
A1: Day 0
A2: Sample | F2: Day 0 | G2: 7day | H2: 11day | I2: 14day
A3: T=0 #1 | B3: ='Rep1 5.17.21'!B15 -> 47 | E3: E2 | F3: 1 | G3: =AVERAGE(B10:B12) -> 32.817518 | H3: =AVERAGE(B17:B19) -> 135.58394 | I3: =AVERAGE(B24:B26) -> 202.06569
A4: T=0 #2 | B4: ='Rep1 5.17.21'!B16 -> 46
A5: T=0 #3 | B5: ='Rep1 5.17.21'!B17 -> 44
B6: =AVERAGE(B3:B5) -> 45.666667
A8: Day7
A9: E2 control
A10: ='Rep1 5.17.21'!B21 -> 1505 | B10: =A10/B6 -> 32.956204
A11: ='Rep1 5.17.21'!B22 -> 1445 | B11: =A11/B6 -> 31.642336
A12: ='Rep1 5.17.21'!B23 -> 1546 | B12: =A12/B6 -> 33.854015
A15: Day10
A16: E2 control
A17: ='Rep1 5.17.21'!B28 -> 6267 | B17: =A17/B6 -> 137.23358
A18: ='Rep1 5.17.21'!B29 -> 5960 | B18: =A18/B6 -> 130.51095
A19: ='Rep1 5.17.21'!B30 -> 6348 | B19: =A19/B6 -> 139.0073
A22: Day14
A23: E2 control
A24: ='Rep1 5.17.21'!B35 -> 9614 | B24: =A24/B6 -> 210.52555
A25: ='Rep1 5.17.21'!B36 -> 8823 | B25: =A25/B6 -> 193.20438
A26: ='Rep1 5.17.21'!B37 -> 9246 | B26: =A26/B6 -> 202.46715

Sheet Rep2
A1: Day 0
A2: Sample | F2: Day 0 | G2: 7day | H2: 11day | I2: 14day
A3: T=0 #1 | B3: ='Rep2 6.7.21 '!B15 -> 45 | E3: E2 | F3: 1 | G3: =AVERAGE(B10:B12) -> 38.526316 | H3: =AVERAGE(B17:B19) -> 131.43609 | I3: =AVERAGE(B24:B26) -> 203.06015
A4: T=0 #2 | B4: ='Rep2 6.7.21 '!B16 -> 41
A5: T=0 #3 | B5: ='Rep2 6.7.21 '!B17 -> 47
B6: =AVERAGE(B3:B5) -> 44.333333
A8: Day7
A9: E2 control
A10: ='Rep2 6.7.21 '!B21 -> 1691 | B10: =A10/B6 -> 38.142857
A11: ='Rep2 6.7.21 '!B22 -> 1706 | B11: =A11/B6 -> 38.481203
A12: ='Rep2 6.7.21 '!B23 -> 1727 | B12: =A12/B6 -> 38.954887
A15: Day10
A16: E2 control
A17: ='Rep2 6.7.21 '!B28 -> 5862 | B17: =A17/B6 -> 132.22556
A18: ='Rep2 6.7.21 '!B29 -> 5911 | B18: =A18/B6 -> 133.33083
A19: ='Rep2 6.7.21 '!B30 -> 5708 | B19: =A19/B6 -> 128.75188
A22: Day14
A23: E2 control
A24: ='Rep2 6.7.21 '!B35 -> 9514 | B24: =A24/B6 -> 214.6015
A25: ='Rep2 6.7.21 '!B36 -> 8563 | B25: =A25/B6 -> 193.15038
A26: ='Rep2 6.7.21 '!B37 -> 8930 | B26: =A26/B6 -> 201.42857

Sheet Rep3
A1: Day 0
A2: Sample | F2: Day 0 | G2: 7day | H2: 11day | I2: 14day
A3: T=0 #1 | B3: ='Rep3 6.7.21 '!B15 -> 40 | E3: E2 | F3: 1 | G3: =AVERAGE(B10:B12) -> 37.338843 | H3: =AVERAGE(B17:B19) -> 128.29752 | I3: =AVERAGE(B24:B26) -> 194.52893
A4: T=0 #2 | B4: ='Rep3 6.7.21 '!B16 -> 44
A5: T=0 #3 | B5: ='Rep3 6.7.21 '!B17 -> 37
B6: =AVERAGE(B3:B5) -> 40.333333
A8: Day7
A9: E2 control
A10: ='Rep3 6.7.21 '!B21 -> 1492 | B10: =A10/B6 -> 36.991736
A11: ='Rep3 6.7.21 '!B22 -> 1437 | B11: =A11/B6 -> 35.628099
A12: ='Rep3 6.7.21 '!B23 -> 1589 | B12: =A12/B6 -> 39.396694
A15: Day10
A16: E2 control
A17: ='Rep3 6.7.21 '!B28 -> 5163 | B17: =A17/B6 -> 128.00826
A18: ='Rep3 6.7.21 '!B29 -> 5284 | B18: =A18/B6 -> 131.00826
A19: ='Rep3 6.7.21 '!B30 -> 5077 | B19: =A19/B6 -> 125.87603
A22: Day14
A23: E2 control
A24: ='Rep3 6.7.21 '!B35 -> 8099 | B24: =A24/B6 -> 200.80165
A25: ='Rep3 6.7.21 '!B36 -> 7599 | B25: =A25/B6 -> 188.40496
A26: ='Rep3 6.7.21 '!B37 -> 7840 | B26: =A26/B6 -> 194.38017
