Workbook

Sheet Rep1 
A1: MCF7 200nM ICI + 300nM Palbo Combination at 7 and 17days (Rep#1)
A2: Thursday 3/24/22: Plated ~200k cells on (14) 60mm dishes of MCF7 p82+12+15+22+2+6. (MCF7s thawed recently and still growing slow, flask plating from was sparce, had to plate a little less than 200k)
A3: Friday 3/25/22: Count (2) plates for T=0. Dosed (6) plates with Control (750nM Palbo) and (6) plates with Combination (200nM ICI + 300nM Palbo)
A4: Re-dose plates every Tuesday and Friday, end/count 3 plates from each set at 7 days and at 17 days
A5: Notes- Friday 4/1/22: After 7 days, cells in both sets of plates look similar, Control Palbo set slightly more cells.
A6: Notes- Monday 4/4/22: After 10 days, cells in Combo plates now look smaller and more sparce, less cells since Friday. Control Palbo plates noticably have more cells
A7: Notes-Friday 4/8/22: After 14 days, Control Palbo plates ~2x as many cells as Combo plates. Combo plates sparce, smaller singular cells, some small colonies. Control Palbo more confluent with larger cells/colonies, most cells rounded grapelike, a few still flat/spread out.
A9: Notes- Monday 4/11/22: After 17 days, Control Palbo more cells, Combo plates look similar to day 14 with more floaters
A12: T=0 (3/25/22) Rep#1
A13: Sample | B13: Counter Read | C13: Cells/mL | D13: mL of cells | E13: Total cell number | F13: Average total cell # | G13: Stdev
A14: T=0 #1 | B14: 96 | C14: =B14*400 -> 38400 | D14: 2.5 | E14: =C14*D14 -> 96000 | F14: =AVERAGE(E14:E19) -> 93666.667 | G14: =_xlfn.STDEV.S(E14:E19) -> 9003.7029
A15: T=0 #1 | B15: 81 | C15: =B15*400 -> 32400 | D15: 2.5 | E15: =C15*D15 -> 81000
A16: T=0 #1 | B16: 84 | C16: =B16*400 -> 33600 | D16: 2.5 | E16: =C16*D16 -> 84000
A17: T=0 #2 | B17: 98 | C17: =B17*400 -> 39200 | D17: 2.5 | E17: =C17*D17 -> 98000
A18: T=0 #2 | B18: 103 | C18: =B18*400 -> 41200 | D18: 2.5 | E18: =C18*D18 -> 103000
A19: T=0 #2 | B19: 100 | C19: =B19*400 -> 40000 | D19: 2.5 | E19: =C19*D19 -> 100000
A22: Day 7 (4/1/22) Rep#1
A23: Control Palbo (750nM): Day 7 | I23: Combination (200nM ICI + 300nM Palbo): Day 7
A24: Sample | B24: Counter Read | C24: Cells/mL | D24: mL of cells | E24: Total cell number | F24: Average total cell # | G24: Stdev | I24: Sample | J24: Counter Read | K24: Cells/mL | L24: mL of cells | M24: Total cell number | N24: Average total cell # | O24: Stdev
A25: Day 7 Control Palbo #1 | B25: 176 | C25: =B25*400 -> 70400 | D25: 2.5 | E25: =C25*D25 -> 176000 | F25: =AVERAGE(E25:E33) -> 182888.89 | G25: =_xlfn.STDEV.S(E25:E33) -> 14356.57 | I25: Day 7 Combo #1 | J25: 134 | K25: =J25*400 -> 53600 | L25: 2.5 | M25: =K25*L25 -> 134000 | N25: =AVERAGE(M25:M33) -> 131666.67 | O25: =_xlfn.STDEV.S(M25:M33) -> 5744.5626
A26: Day 7 Control Palbo #1 | B26: 171 | C26: =B26*400 -> 68400 | D26: 2.5 | E26: =C26*D26 -> 171000 | I26: Day 7 Combo #1 | J26: 128 | K26: =J26*400 -> 51200 | L26: 2.5 | M26: =K26*L26 -> 128000
A27: Day 7 Control Palbo #1 | B27: 171 | C27: =B27*400 -> 68400 | D27: 2.5 | E27: =C27*D27 -> 171000 | I27: Day 7 Combo #1 | J27: 135 | K27: =J27*400 -> 54000 | L27: 2.5 | M27: =K27*L27 -> 135000
A28: Day 7 Control Palbo #2 | B28: 189 | C28: =B28*400 -> 75600 | D28: 2.5 | E28: =C28*D28 -> 189000 | I28: Day 7 Combo #2 | J28: 137 | K28: =J28*400 -> 54800 | L28: 2.5 | M28: =K28*L28 -> 137000
A29: Day 7 Control Palbo #2 | B29: 211 | C29: =B29*400 -> 84400 | D29: 2.5 | E29: =C29*D29 -> 211000 | I29: Day 7 Combo #2 | J29: 130 | K29: =J29*400 -> 52000 | L29: 2.5 | M29: =K29*L29 -> 130000
A30: Day 7 Control Palbo #2 | B30: 200 | C30: =B30*400 -> 80000 | D30: 2.5 | E30: =C30*D30 -> 200000 | I30: Day 7 Combo #2 | J30: 122 | K30: =J30*400 -> 48800 | L30: 2.5 | M30: =K30*L30 -> 122000
A31: Day 7 Control Palbo #3 | B31: 180 | C31: =B31*400 -> 72000 | D31: 2.5 | E31: =C31*D31 -> 180000 | I31: Day 7 Combo #3 | J31: 135 | K31: =J31*400 -> 54000 | L31: 2.5 | M31: =K31*L31 -> 135000
A32: Day 7 Control Palbo #3 | B32: 178 | C32: =B32*400 -> 71200 | D32: 2.5 | E32: =C32*D32 -> 178000 | I32: Day 7 Combo #3 | J32: 125 | K32: =J32*400 -> 50000 | L32: 2.5 | M32: =K32*L32 -> 125000
A33: Day 7 Control Palbo #3 | B33: 170 | C33: =B33*400 -> 68000 | D33: 2.5 | E33: =C33*D33 -> 170000 | I33: Day 7 Combo #3 | J33: 139 | K33: =J33*400 -> 55600 | L33: 2.5 | M33: =K33*L33 -> 139000
A36: Day 17 (4/11/22) Rep#1
A37: Control Palbo (750nM): Day 17 | I37: Combination (200nM ICI + 300nM Palbo): Day 17
A38: Sample | B38: Counter Read | C38: Cells/mL | D38: mL of cells | E38: Total cell number | F38: Average total cell # | G38: Stdev | I38: Sample | J38: Counter Read | K38: Cells/mL | L38: mL of cells | M38: Total cell number | N38: Average total cell # | O38: Stdev
A39: Day 17 Control Palbo #1 | B39: 383 | C39: =B39*400 -> 153200 | D39: 2.5 | E39: =C39*D39 -> 383000 | F39: =AVERAGE(E39:E47) -> 374222.22 | G39: =_xlfn.STDEV.S(E39:E47) -> 22807.772 | I39: Day 17 Combo #1 | J39: 132 | K39: =J39*400 -> 52800 | L39: 2.5 | M39: =K39*L39 -> 132000 | N39: =AVERAGE(M39:M47) -> 127888.89 | O39: =_xlfn.STDEV.S(M39:M47) -> 10385.62
A40: Day 17 Control Palbo #1 | B40: 399 | C40: =B40*400 -> 159600 | D40: 2.5 | E40: =C40*D40 -> 399000 | I40: Day 17 Combo #1 | J40: 124 | K40: =J40*400 -> 49600 | L40: 2.5 | M40: =K40*L40 -> 124000
A41: Day 17 Control Palbo #1 | B41: 369 | C41: =B41*400 -> 147600 | D41: 2.5 | E41: =C41*D41 -> 369000 | I41: Day 17 Combo #1 | J41: 134 | K41: =J41*400 -> 53600 | L41: 2.5 | M41: =K41*L41 -> 134000
A42: Day 17 Control Palbo #2 | B42: 370 | C42: =B42*400 -> 148000 | D42: 2.5 | E42: =C42*D42 -> 370000 | I42: Day 17 Combo #2 | J42: 118 | K42: =J42*400 -> 47200 | L42: 2.5 | M42: =K42*L42 -> 118000
A43: Day 17 Control Palbo #2 | B43: 325 | C43: =B43*400 -> 130000 | D43: 2.5 | E43: =C43*D43 -> 325000 | I43: Day 17 Combo #2 | J43: 121 | K43: =J43*400 -> 48400 | L43: 2.5 | M43: =K43*L43 -> 121000
A44: Day 17 Control Palbo #2 | B44: 379 | C44: =B44*400 -> 151600 | D44: 2.5 | E44: =C44*D44 -> 379000 | I44: Day 17 Combo #2 | J44: 144 | K44: =J44*400 -> 57600 | L44: 2.5 | M44: =K44*L44 -> 144000
A45: Day 17 Control Palbo #3 | B45: 360 | C45: =B45*400 -> 144000 | D45: 2.5 | E45: =C45*D45 -> 360000 | I45: Day 17 Combo #3 | J45: 129 | K45: =J45*400 -> 51600 | L45: 2.5 | M45: =K45*L45 -> 129000
A46: Day 17 Control Palbo #3 | B46: 401 | C46: =B46*400 -> 160400 | D46: 2.5 | E46: =C46*D46 -> 401000 | I46: Day 17 Combo #3 | J46: 138 | K46: =J46*400 -> 55200 | L46: 2.5 | M46: =K46*L46 -> 138000
A47: Day 17 Control Palbo #3 | B47: 382 | C47: =B47*400 -> 152800 | D47: 2.5 | E47: =C47*D47 -> 382000 | I47: Day 17 Combo #3 | J47: 111 | K47: =J47*400 -> 44400 | L47: 2.5 | M47: =K47*L47 -> 111000

Sheet Rep2
A1: MCF7 200nM ICI + 300nM Palbo Combination at 7 and 17days (Rep#2)
A2: Thursday 4/7/22: Plated 200k cells on (14) 60mm dishes of MCF7 p82+12+15+22+2+9. (MCF7s growing well again)
A3: Friday 4/8/22: Count (2) plates for T=0. Dosed (6) plates with Control (750nM Palbo) and (6) plates with Combination (200nM ICI + 300nM Palbo)
A4: Re-dose plates every Tuesday and Friday, end/count 3 plates from each set at 6* days and at 17 days. *Day 7 holiday, had to count one day early on Day 6 instead
A5: Notes- Thursday 4/14/22: After 6 days, Control Palbo set slightly more cells, ~40%, cells larger and more rounded than Combo plates, Combo ~35%, only some rounded, more singular cells
A6: Notes- Monday 4/18/22: After 10 days, cells in Combo look similar, more floaters. Control Palbo plates noticably have more cells, bigger colonies all rounded ~50%
A7: Notes-Friday 4/22/22: After 14 days, Control Palbo plates ~60% ~2x as many cells as Combo plates. Combo ~30% forming small colonies with small singular cells mixed in, lots of floaters, heterogenous. Control Palbo more confluent with larger cells/colonies, most cells rounded grapelike, a few colonies flat/spread out.
A9: Notes- Monday 4/25/22: After 17 days, Control Palbo more cells ~70% Combo plates less cells, more floaters and debris
A12: T=0 (4/8/22) Rep#2
A13: Sample | B13: Counter Read | C13: Cells/mL | D13: mL of cells | E13: Total cell number | F13: Average total cell # | G13: Stdev
A14: T=0 #1 | B14: 196 | C14: =B14*400 -> 78400 | D14: 2.5 | E14: =C14*D14 -> 196000 | F14: =AVERAGE(E14:E19) -> 199333.33 | G14: =_xlfn.STDEV.S(E14:E19) -> 16488.38
A15: T=0 #1 | B15: 172 | C15: =B15*400 -> 68800 | D15: 2.5 | E15: =C15*D15 -> 172000
A16: T=0 #1 | B16: 191 | C16: =B16*400 -> 76400 | D16: 2.5 | E16: =C16*D16 -> 191000
A17: T=0 #2 | B17: 212 | C17: =B17*400 -> 84800 | D17: 2.5 | E17: =C17*D17 -> 212000
A18: T=0 #2 | B18: 216 | C18: =B18*400 -> 86400 | D18: 2.5 | E18: =C18*D18 -> 216000
A19: T=0 #2 | B19: 209 | C19: =B19*400 -> 83600 | D19: 2.5 | E19: =C19*D19 -> 209000
A22: Day 6* (4/14/22) Rep#2 (*One day early)
A23: Control Palbo (750nM): Day 7 | I23: Combination (200nM ICI + 300nM Palbo): Day 7
A24: Sample | B24: Counter Read | C24: Cells/mL | D24: mL of cells | E24: Total cell number | F24: Average total cell # | G24: Stdev | I24: Sample | J24: Counter Read | K24: Cells/mL | L24: mL of cells | M24: Total cell number | N24: Average total cell # | O24: Stdev
A25: Day 6 Control Palbo #1 | B25: 457 | C25: =B25*400 -> 182800 | D25: 2.5 | E25: =C25*D25 -> 457000 | F25: =AVERAGE(E25:E33) -> 470444.44 | G25: =_xlfn.STDEV.S(E25:E33) -> 27286.036 | I25: Day 6 Combo #1 | J25: 375 | K25: =J25*400 -> 150000 | L25: 2.5 | M25: =K25*L25 -> 375000 | N25: =AVERAGE(M25:M33) -> 368000 | O25: =_xlfn.STDEV.S(M25:M33) -> 20137.031
A26: Day 6 Control Palbo #1 | B26: 515 | C26: =B26*400 -> 206000 | D26: 2.5 | E26: =C26*D26 -> 515000 | I26: Day 6 Combo #1 | J26: 394 | K26: =J26*400 -> 157600 | L26: 2.5 | M26: =K26*L26 -> 394000
A27: Day 6 Control Palbo #1 | B27: 492 | C27: =B27*400 -> 196800 | D27: 2.5 | E27: =C27*D27 -> 492000 | I27: Day 6 Combo #1 | J27: 378 | K27: =J27*400 -> 151200 | L27: 2.5 | M27: =K27*L27 -> 378000
A28: Day 6 Control Palbo #2 | B28: 476 | C28: =B28*400 -> 190400 | D28: 2.5 | E28: =C28*D28 -> 476000 | I28: Day 6 Combo #2 | J28: 376 | K28: =J28*400 -> 150400 | L28: 2.5 | M28: =K28*L28 -> 376000
A29: Day 6 Control Palbo #2 | B29: 437 | C29: =B29*400 -> 174800 | D29: 2.5 | E29: =C29*D29 -> 437000 | I29: Day 6 Combo #2 | J29: 357 | K29: =J29*400 -> 142800 | L29: 2.5 | M29: =K29*L29 -> 357000
A30: Day 6 Control Palbo #2 | B30: 495 | C30: =B30*400 -> 198000 | D30: 2.5 | E30: =C30*D30 -> 495000 | I30: Day 6 Combo #2 | J30: 330 | K30: =J30*400 -> 132000 | L30: 2.5 | M30: =K30*L30 -> 330000
A31: Day 6 Control Palbo #3 | B31: 435 | C31: =B31*400 -> 174000 | D31: 2.5 | E31: =C31*D31 -> 435000 | I31: Day 6 Combo #3 | J31: 363 | K31: =J31*400 -> 145200 | L31: 2.5 | M31: =K31*L31 -> 363000
A32: Day 6 Control Palbo #3 | B32: 474 | C32: =B32*400 -> 189600 | D32: 2.5 | E32: =C32*D32 -> 474000 | I32: Day 6 Combo #3 | J32: 350 | K32: =J32*400 -> 140000 | L32: 2.5 | M32: =K32*L32 -> 350000
A33: Day 6 Control Palbo #3 | B33: 453 | C33: =B33*400 -> 181200 | D33: 2.5 | E33: =C33*D33 -> 453000 | I33: Day 6 Combo #3 | J33: 389 | K33: =J33*400 -> 155600 | L33: 2.5 | M33: =K33*L33 -> 389000
A36: Day 17 (4/25/22) Rep#2
A37: Control Palbo (750nM): Day 17 | I37: Combination (200nM ICI + 300nM Palbo): Day 17
A38: Sample | B38: Counter Read | C38: Cells/mL | D38: mL of cells | E38: Total cell number | F38: Average total cell # | G38: Stdev | I38: Sample | J38: Counter Read | K38: Cells/mL | L38: mL of cells | M38: Total cell number | N38: Average total cell # | O38: Stdev
A39: Day 17 Control Palbo #1 | B39: 813 | C39: =B39*400 -> 325200 | D39: 2.5 | E39: =C39*D39 -> 813000 | F39: =AVERAGE(E39:E47) -> 799888.89 | G39: =_xlfn.STDEV.S(E39:E47) -> 49607.067 | I39: Day 17 Combo #1 | J39: 278 | K39: =J39*400 -> 111200 | L39: 2.5 | M39: =K39*L39 -> 278000 | N39: =AVERAGE(M39:M47) -> 271888.89 | O39: =_xlfn.STDEV.S(M39:M47) -> 7184.0874
A40: Day 17 Control Palbo #1 | B40: 822 | C40: =B40*400 -> 328800 | D40: 2.5 | E40: =C40*D40 -> 822000 | I40: Day 17 Combo #1 | J40: 273 | K40: =J40*400 -> 109200 | L40: 2.5 | M40: =K40*L40 -> 273000
A41: Day 17 Control Palbo #1 | B41: 824 | C41: =B41*400 -> 329600 | D41: 2.5 | E41: =C41*D41 -> 824000 | I41: Day 17 Combo #1 | J41: 263 | K41: =J41*400 -> 105200 | L41: 2.5 | M41: =K41*L41 -> 263000
A42: Day 17 Control Palbo #2 | B42: 728 | C42: =B42*400 -> 291200 | D42: 2.5 | E42: =C42*D42 -> 728000 | I42: Day 17 Combo #2 | J42: 284 | K42: =J42*400 -> 113600 | L42: 2.5 | M42: =K42*L42 -> 284000
A43: Day 17 Control Palbo #2 | B43: 774 | C43: =B43*400 -> 309600 | D43: 2.5 | E43: =C43*D43 -> 774000 | I43: Day 17 Combo #2 | J43: 274 | K43: =J43*400 -> 109600 | L43: 2.5 | M43: =K43*L43 -> 274000
A44: Day 17 Control Palbo #2 | B44: 758 | C44: =B44*400 -> 303200 | D44: 2.5 | E44: =C44*D44 -> 758000 | I44: Day 17 Combo #2 | J44: 268 | K44: =J44*400 -> 107200 | L44: 2.5 | M44: =K44*L44 -> 268000
A45: Day 17 Control Palbo #3 | B45: 751 | C45: =B45*400 -> 300400 | D45: 2.5 | E45: =C45*D45 -> 751000 | I45: Day 17 Combo #3 | J45: 263 | K45: =J45*400 -> 105200 | L45: 2.5 | M45: =K45*L45 -> 263000
A46: Day 17 Control Palbo #3 | B46: 857 | C46: =B46*400 -> 342800 | D46: 2.5 | E46: =C46*D46 -> 857000 | I46: Day 17 Combo #3 | J46: 277 | K46: =J46*400 -> 110800 | L46: 2.5 | M46: =K46*L46 -> 277000
A47: Day 17 Control Palbo #3 | B47: 872 | C47: =B47*400 -> 348800 | D47: 2.5 | E47: =C47*D47 -> 872000 | I47: Day 17 Combo #3 | J47: 267 | K47: =J47*400 -> 106800 | L47: 2.5 | M47: =K47*L47 -> 267000

Sheet Rep3
A1: MCF7 200nM ICI + 300nM Palbo Combination at 7 and 17days (Rep#2)
A2: Monday 4/11/22: Plated 200k cells on (14) 60mm dishes of MCF7 p82+12+15+22+2+10. (MCF7s growing well again)
A3: Tueaday 4/12/22: Count (2) plates for T=0. More cells this time than Rep1 and 2. Dosed (6) plates with Control (750nM Palbo) and (6) plates with Combination (200nM ICI + 300nM Palbo)
A4: Re-dose plates every Tuesday and Friday, end/count 3 plates from each set at 7 days and at 20* days. *Day 17 was sick, had to count on Day 20 instead*
A5: Notes- Tuesday 4/19/22: After 7 days, Control Palbo ~45-50% confluent, rounded cells. Combo plates ~35%, small more singular celled, only a few rounded
A6: Notes- Friday 4/22/22: After 10 days, Control Palbo ~60%. Combo plates lots of floaters ~30%, heterogenous forming small colonies with small singular cells mixed in
A7: Notes- Monday 5/2/22: After 20 days, Control Palbo lots of cells, see some flattened cells/colonies mixed in with the rounded cells. Combo plates lots of floaters, single cells, less cells than 1 week time point
A10: T=0 (4/12/22) Rep#3
A11: Sample | B11: Counter Read | C11: Cells/mL | D11: mL of cells | E11: Total cell number | F11: Average total cell # | G11: Stdev
A12: T=0 #1 | B12: 270 | C12: =B12*400 -> 108000 | D12: 2.5 | E12: =C12*D12 -> 270000 | F12: =AVERAGE(E12:E17) -> 272666.67 | G12: =_xlfn.STDEV.S(E12:E17) -> 13291.601
A13: T=0 #1 | B13: 253 | C13: =B13*400 -> 101200 | D13: 2.5 | E13: =C13*D13 -> 253000
A14: T=0 #1 | B14: 286 | C14: =B14*400 -> 114400 | D14: 2.5 | E14: =C14*D14 -> 286000
A15: T=0 #2 | B15: 281 | C15: =B15*400 -> 112400 | D15: 2.5 | E15: =C15*D15 -> 281000
A16: T=0 #2 | B16: 284 | C16: =B16*400 -> 113600 | D16: 2.5 | E16: =C16*D16 -> 284000
A17: T=0 #2 | B17: 262 | C17: =B17*400 -> 104800 | D17: 2.5 | E17: =C17*D17 -> 262000
A20: Day 7 (4/19/22) Rep#3
A21: Control Palbo (750nM): Day 7 | I21: Combination (200nM ICI + 300nM Palbo): Day 7
A22: Sample | B22: Counter Read | C22: Cells/mL | D22: mL of cells | E22: Total cell number | F22: Average total cell # | G22: Stdev | I22: Sample | J22: Counter Read | K22: Cells/mL | L22: mL of cells | M22: Total cell number | N22: Average total cell # | O22: Stdev
A23: Day 7 Control Palbo #1 | B23: 600 | C23: =B23*400 -> 240000 | D23: 2.5 | E23: =C23*D23 -> 600000 | F23: =AVERAGE(E23:E31) -> 569444.44 | G23: =_xlfn.STDEV.S(E23:E31) -> 35882.137 | I23: Day 7 Combo #1 | J23: 388 | K23: =J23*400 -> 155200 | L23: 2.5 | M23: =K23*L23 -> 388000 | N23: =AVERAGE(M23:M31) -> 422444.44 | O23: =_xlfn.STDEV.S(M23:M31) -> 26768.036
A24: Day 7 Control Palbo #1 | B24: 618 | C24: =B24*400 -> 247200 | D24: 2.5 | E24: =C24*D24 -> 618000 | I24: Day 7 Combo #1 | J24: 416 | K24: =J24*400 -> 166400 | L24: 2.5 | M24: =K24*L24 -> 416000
A25: Day 7 Control Palbo #1 | B25: 594 | C25: =B25*400 -> 237600 | D25: 2.5 | E25: =C25*D25 -> 594000 | I25: Day 7 Combo #1 | J25: 382 | K25: =J25*400 -> 152800 | L25: 2.5 | M25: =K25*L25 -> 382000
A26: Day 7 Control Palbo #2 | B26: 543 | C26: =B26*400 -> 217200 | D26: 2.5 | E26: =C26*D26 -> 543000 | I26: Day 7 Combo #2 | J26: 426 | K26: =J26*400 -> 170400 | L26: 2.5 | M26: =K26*L26 -> 426000
A27: Day 7 Control Palbo #2 | B27: 588 | C27: =B27*400 -> 235200 | D27: 2.5 | E27: =C27*D27 -> 588000 | I27: Day 7 Combo #2 | J27: 466 | K27: =J27*400 -> 186400 | L27: 2.5 | M27: =K27*L27 -> 466000
A28: Day 7 Control Palbo #2 | B28: 556 | C28: =B28*400 -> 222400 | D28: 2.5 | E28: =C28*D28 -> 556000 | I28: Day 7 Combo #2 | J28: 446 | K28: =J28*400 -> 178400 | L28: 2.5 | M28: =K28*L28 -> 446000
A29: Day 7 Control Palbo #3 | B29: 517 | C29: =B29*400 -> 206800 | D29: 2.5 | E29: =C29*D29 -> 517000 | I29: Day 7 Combo #3 | J29: 413 | K29: =J29*400 -> 165200 | L29: 2.5 | M29: =K29*L29 -> 413000
A30: Day 7 Control Palbo #3 | B30: 523 | C30: =B30*400 -> 209200 | D30: 2.5 | E30: =C30*D30 -> 523000 | I30: Day 7 Combo #3 | J30: 440 | K30: =J30*400 -> 176000 | L30: 2.5 | M30: =K30*L30 -> 440000
A31: Day 7 Control Palbo #3 | B31: 586 | C31: =B31*400 -> 234400 | D31: 2.5 | E31: =C31*D31 -> 586000 | I31: Day 7 Combo #3 | J31: 425 | K31: =J31*400 -> 170000 | L31: 2.5 | M31: =K31*L31 -> 425000
A34: Day 20* (5/2/22) Rep#3
A35: Control Palbo (750nM): Day 20 | I35: Combination (200nM ICI + 300nM Palbo): Day 20
A36: Sample | B36: Counter Read | C36: Cells/mL | D36: mL of cells | E36: Total cell number | F36: Average total cell # | G36: Stdev | I36: Sample | J36: Counter Read | K36: Cells/mL | L36: mL of cells | M36: Total cell number | N36: Average total cell # | O36: Stdev
A37: Day 20 Control Palbo #1 | B37: 956 | C37: =B37*400 -> 382400 | D37: 2.5 | E37: =C37*D37 -> 956000 | F37: =AVERAGE(E37:E45) -> 963555.56 | G37: =_xlfn.STDEV.S(E37:E45) -> 20976.839 | I37: Day 20 Combo #1 | J37: 268 | K37: =J37*400 -> 107200 | L37: 2.5 | M37: =K37*L37 -> 268000 | N37: =AVERAGE(M37:M45) -> 265222.22 | O37: =_xlfn.STDEV.S(M37:M45) -> 11454.014
A38: Day 20 Control Palbo #1 | B38: 957 | C38: =B38*400 -> 382800 | D38: 2.5 | E38: =C38*D38 -> 957000 | I38: Day 20 Combo #1 | J38: 254 | K38: =J38*400 -> 101600 | L38: 2.5 | M38: =K38*L38 -> 254000
A39: Day 20 Control Palbo #1 | B39: 983 | C39: =B39*400 -> 393200 | D39: 2.5 | E39: =C39*D39 -> 983000 | I39: Day 20 Combo #1 | J39: 261 | K39: =J39*400 -> 104400 | L39: 2.5 | M39: =K39*L39 -> 261000
A40: Day 20 Control Palbo #2 | B40: 929 | C40: =B40*400 -> 371600 | D40: 2.5 | E40: =C40*D40 -> 929000 | I40: Day 20 Combo #2 | J40: 265 | K40: =J40*400 -> 106000 | L40: 2.5 | M40: =K40*L40 -> 265000
A41: Day 20 Control Palbo #2 | B41: 963 | C41: =B41*400 -> 385200 | D41: 2.5 | E41: =C41*D41 -> 963000 | I41: Day 20 Combo #2 | J41: 256 | K41: =J41*400 -> 102400 | L41: 2.5 | M41: =K41*L41 -> 256000
A42: Day 20 Control Palbo #2 | B42: 982 | C42: =B42*400 -> 392800 | D42: 2.5 | E42: =C42*D42 -> 982000 | I42: Day 20 Combo #2 | J42: 287 | K42: =J42*400 -> 114800 | L42: 2.5 | M42: =K42*L42 -> 287000
A43: Day 20 Control Palbo #3 | B43: 976 | C43: =B43*400 -> 390400 | D43: 2.5 | E43: =C43*D43 -> 976000 | I43: Day 20 Combo #3 | J43: 278 | K43: =J43*400 -> 111200 | L43: 2.5 | M43: =K43*L43 -> 278000
A44: Day 20 Control Palbo #3 | B44: 937 | C44: =B44*400 -> 374800 | D44: 2.5 | E44: =C44*D44 -> 937000 | I44: Day 20 Combo #3 | J44: 252 | K44: =J44*400 -> 100800 | L44: 2.5 | M44: =K44*L44 -> 252000
A45: Day 20 Control Palbo #3 | B45: 989 | C45: =B45*400 -> 395600 | D45: 2.5 | E45: =C45*D45 -> 989000 | I45: Day 20 Combo #3 | J45: 266 | K45: =J45*400 -> 106400 | L45: 2.5 | M45: =K45*L45 -> 266000

Sheet Rep1 17days
A1: Day 0
A3: Sample | B3: Counter Read | E3: Control Palbo (750nM): Day 7 | F3: 1 | G3: =AVERAGE(H13:H21) -> 1.9525504
A4: #1 | B4: ='Rep1 '!E14 -> 96000 | E4: Control Palbo (750nM): Day 17 | F4: 1 | G4: =AVERAGE(H24:H32) -> 3.995255
A5: #1 | B5: ='Rep1 '!E15 -> 81000 | E5: Combination (200nM ICI + 300nM Palbo): Day 7 | F5: 1 | G5: =AVERAGE(K13:K21) -> 1.405694
A6: #1 | B6: ='Rep1 '!E16 -> 84000 | E6: Combination (200nM ICI + 300nM Palbo): Day 17 | F6: 1 | G6: =AVERAGE(K24:K32) -> 1.3653618
A7: #2 | B7: ='Rep1 '!E17 -> 98000
A8: #2 | B8: ='Rep1 '!E18 -> 103000
A9: #2 | B9: ='Rep1 '!E19 -> 100000
B10: =AVERAGE(B4:B9) -> 93666.667
A12: Control Palbo (750nM): Day 7 | D12: Combination (200nM ICI + 300nM Palbo): Day 7 | G12: Control Palbo (750nM): Day 7 | J12: Combination (200nM ICI + 300nM Palbo): Day 7
A13: palbo 750nM #1 | B13: ='Rep1 '!E25 -> 176000 | D13: Combo #1 | E13: ='Rep1 '!M25 -> 134000 | G13: palbo 750nM #1 | H13: =B13/B10 -> 1.8790036 | J13: Combo #1 | K13: =E13/B10 -> 1.430605
A14: palbo 750nM #1 | B14: ='Rep1 '!E26 -> 171000 | D14: Combo #1 | E14: ='Rep1 '!M26 -> 128000 | G14: palbo 750nM #1 | H14: =B14/B10 -> 1.8256228 | J14: Combo #1 | K14: =E14/B10 -> 1.366548
A15: palbo 750nM #1 | B15: ='Rep1 '!E27 -> 171000 | D15: Combo #1 | E15: ='Rep1 '!M27 -> 135000 | G15: palbo 750nM #1 | H15: =B15/B10 -> 1.8256228 | J15: Combo #1 | K15: =E15/B10 -> 1.4412811
A16: palbo 750nM #2 | B16: ='Rep1 '!E28 -> 189000 | D16: Combo #2 | E16: ='Rep1 '!M28 -> 137000 | G16: palbo 750nM #2 | H16: =B16/B10 -> 2.0177936 | J16: Combo #2 | K16: =E16/B10 -> 1.4626335
A17: palbo 750nM #2 | B17: ='Rep1 '!E29 -> 211000 | D17: Combo #2 | E17: ='Rep1 '!M29 -> 130000 | G17: palbo 750nM #2 | H17: =B17/B10 -> 2.252669 | J17: Combo #2 | K17: =E17/B10 -> 1.3879004
A18: palbo 750nM #2 | B18: ='Rep1 '!E30 -> 200000 | D18: Combo #2 | E18: ='Rep1 '!M30 -> 122000 | G18: palbo 750nM #2 | H18: =B18/B10 -> 2.1352313 | J18: Combo #2 | K18: =E18/B10 -> 1.3024911
A19: palbo 750nM #3 | B19: ='Rep1 '!E31 -> 180000 | D19: Combo #3 | E19: ='Rep1 '!M31 -> 135000 | G19: palbo 750nM #3 | H19: =B19/B10 -> 1.9217082 | J19: Combo #3 | K19: =E19/B10 -> 1.4412811
A20: palbo 750nM #3 | B20: ='Rep1 '!E32 -> 178000 | D20: Combo #3 | E20: ='Rep1 '!M32 -> 125000 | G20: palbo 750nM #3 | H20: =B20/B10 -> 1.9003559 | J20: Combo #3 | K20: =E20/B10 -> 1.3345196
A21: palbo 750nM #3 | B21: ='Rep1 '!E33 -> 170000 | D21: Combo #3 | E21: ='Rep1 '!M33 -> 139000 | G21: palbo 750nM #3 | H21: =B21/B10 -> 1.8149466 | J21: Combo #3 | K21: =E21/B10 -> 1.4839858
A23: Control Palbo (750nM): Day 17 | D23: Combination (200nM ICI + 300nM Palbo): Day 17 | G23: Control Palbo (750nM): Day 17 | J23: Combination (200nM ICI + 300nM Palbo): Day 17
A24: palbo 750nM #1 | B24: ='Rep1 '!E39 -> 383000 | D24: Combo #1 | E24: ='Rep1 '!M39 -> 132000 | G24: palbo 750nM #1 | H24: =B24/B10 -> 4.088968 | J24: Combo #1 | K24: =E24/B10 -> 1.4092527 | L24: =AVERAGE(K24:K26) -> 1.3879004
A25: palbo 750nM #1 | B25: ='Rep1 '!E40 -> 399000 | D25: Combo #1 | E25: ='Rep1 '!M40 -> 124000 | G25: palbo 750nM #1 | H25: =B25/B10 -> 4.2597865 | J25: Combo #1 | K25: =E25/B10 -> 1.3238434
A26: palbo 750nM #1 | B26: ='Rep1 '!E41 -> 369000 | D26: Combo #1 | E26: ='Rep1 '!M41 -> 134000 | G26: palbo 750nM #1 | H26: =B26/B10 -> 3.9395018 | J26: Combo #1 | K26: =E26/B10 -> 1.430605
A27: palbo 750nM #2 | B27: ='Rep1 '!E42 -> 370000 | D27: Combo #2 | E27: ='Rep1 '!M42 -> 118000 | G27: palbo 750nM #2 | H27: =B27/B10 -> 3.9501779 | J27: Combo #2 | K27: =E27/B10 -> 1.2597865 | L27: =AVERAGE(K27:K29) -> 1.3629893
A28: palbo 750nM #2 | B28: ='Rep1 '!E43 -> 325000 | D28: Combo #2 | E28: ='Rep1 '!M43 -> 121000 | G28: palbo 750nM #2 | H28: =B28/B10 -> 3.4697509 | J28: Combo #2 | K28: =E28/B10 -> 1.2918149
A29: palbo 750nM #2 | B29: ='Rep1 '!E44 -> 379000 | D29: Combo #2 | E29: ='Rep1 '!M44 -> 144000 | G29: palbo 750nM #2 | H29: =B29/B10 -> 4.0462633 | J29: Combo #2 | K29: =E29/B10 -> 1.5373665
A30: palbo 750nM #3 | B30: ='Rep1 '!E45 -> 360000 | D30: Combo #3 | E30: ='Rep1 '!M45 -> 129000 | G30: palbo 750nM #3 | H30: =B30/B10 -> 3.8434164 | J30: Combo #3 | K30: =E30/B10 -> 1.3772242 | L30: =AVERAGE(K30:K32) -> 1.3451957
A31: palbo 750nM #3 | B31: ='Rep1 '!E46 -> 401000 | D31: Combo #3 | E31: ='Rep1 '!M46 -> 138000 | G31: palbo 750nM #3 | H31: =B31/B10 -> 4.2811388 | J31: Combo #3 | K31: =E31/B10 -> 1.4733096
A32: palbo 750nM #3 | B32: ='Rep1 '!E47 -> 382000 | D32: Combo #3 | E32: ='Rep1 '!M47 -> 111000 | G32: palbo 750nM #3 | H32: =B32/B10 -> 4.0782918 | J32: Combo #3 | K32: =E32/B10 -> 1.1850534

Sheet Rep2 17days
A1: Day 0
A3: Sample | B3: Counter Read | E3: Control Palbo (750nM): Day 7 | F3: 1 | G3: =AVERAGE(H13:H21) -> 2.3600892
A4: #1 | B4: ='Rep2'!E14 -> 196000 | E4: Control Palbo (750nM): Day 17 | F4: 1 | G4: =AVERAGE(H24:H32) -> 4.0128205
A5: #1 | B5: ='Rep2'!E15 -> 172000 | E5: Combination (200nM ICI + 300nM Palbo): Day 7 | F5: 1 | G5: =AVERAGE(K13:K21) -> 1.8461538
A6: #1 | B6: ='Rep2'!E16 -> 191000 | E6: Combination (200nM ICI + 300nM Palbo): Day 17 | F6: 1 | G6: =AVERAGE(K24:K32) -> 1.3639911
A7: #2 | B7: ='Rep2'!E17 -> 212000
A8: #2 | B8: ='Rep2'!E18 -> 216000
A9: #2 | B9: ='Rep2'!E19 -> 209000
B10: =AVERAGE(B4:B9) -> 199333.33
A12: Control Palbo (750nM): Day 7 | D12: Combination (200nM ICI + 300nM Palbo): Day 7 | G12: Control Palbo (750nM): Day 7 | J12: Combination (200nM ICI + 300nM Palbo): Day 7
A13: palbo 750nM #1 | B13: ='Rep2'!E25 -> 457000 | D13: Combo #1 | E13: ='Rep2'!M25 -> 375000 | G13: palbo 750nM #1 | H13: =B13/B10 -> 2.2926421 | J13: Combo #1 | K13: =E13/B10 -> 1.8812709
A14: palbo 750nM #1 | B14: ='Rep2'!E26 -> 515000 | D14: Combo #1 | E14: ='Rep2'!M26 -> 394000 | G14: palbo 750nM #1 | H14: =B14/B10 -> 2.583612 | J14: Combo #1 | K14: =E14/B10 -> 1.9765886
A15: palbo 750nM #1 | B15: ='Rep2'!E27 -> 492000 | D15: Combo #1 | E15: ='Rep2'!M27 -> 378000 | G15: palbo 750nM #1 | H15: =B15/B10 -> 2.4682274 | J15: Combo #1 | K15: =E15/B10 -> 1.8963211
A16: palbo 750nM #2 | B16: ='Rep2'!E28 -> 476000 | D16: Combo #2 | E16: ='Rep2'!M28 -> 376000 | G16: palbo 750nM #2 | H16: =B16/B10 -> 2.3879599 | J16: Combo #2 | K16: =E16/B10 -> 1.8862876
A17: palbo 750nM #2 | B17: ='Rep2'!E29 -> 437000 | D17: Combo #2 | E17: ='Rep2'!M29 -> 357000 | G17: palbo 750nM #2 | H17: =B17/B10 -> 2.1923077 | J17: Combo #2 | K17: =E17/B10 -> 1.7909699
A18: palbo 750nM #2 | B18: ='Rep2'!E30 -> 495000 | D18: Combo #2 | E18: ='Rep2'!M30 -> 330000 | G18: palbo 750nM #2 | H18: =B18/B10 -> 2.4832776 | J18: Combo #2 | K18: =E18/B10 -> 1.6555184
A19: palbo 750nM #3 | B19: ='Rep2'!E31 -> 435000 | D19: Combo #3 | E19: ='Rep2'!M31 -> 363000 | G19: palbo 750nM #3 | H19: =B19/B10 -> 2.1822742 | J19: Combo #3 | K19: =E19/B10 -> 1.8210702
A20: palbo 750nM #3 | B20: ='Rep2'!E32 -> 474000 | D20: Combo #3 | E20: ='Rep2'!M32 -> 350000 | G20: palbo 750nM #3 | H20: =B20/B10 -> 2.3779264 | J20: Combo #3 | K20: =E20/B10 -> 1.7558528
A21: palbo 750nM #3 | B21: ='Rep2'!E33 -> 453000 | D21: Combo #3 | E21: ='Rep2'!M33 -> 389000 | G21: palbo 750nM #3 | H21: =B21/B10 -> 2.2725753 | J21: Combo #3 | K21: =E21/B10 -> 1.951505
A23: Control Palbo (750nM): Day 17 | D23: Combination (200nM ICI + 300nM Palbo): Day 17 | G23: Control Palbo (750nM): Day 17 | J23: Combination (200nM ICI + 300nM Palbo): Day 17
A24: palbo 750nM #1 | B24: ='Rep2'!E39 -> 813000 | D24: Combo #1 | E24: ='Rep2'!M39 -> 278000 | G24: palbo 750nM #1 | H24: =B24/B10 -> 4.0785953 | J24: Combo #1 | K24: =E24/B10 -> 1.3946488 | L24: =AVERAGE(K24:K26) -> 1.361204
A25: palbo 750nM #1 | B25: ='Rep2'!E40 -> 822000 | D25: Combo #1 | E25: ='Rep2'!M40 -> 273000 | G25: palbo 750nM #1 | H25: =B25/B10 -> 4.1237458 | J25: Combo #1 | K25: =E25/B10 -> 1.3695652
A26: palbo 750nM #1 | B26: ='Rep2'!E41 -> 824000 | D26: Combo #1 | E26: ='Rep2'!M41 -> 263000 | G26: palbo 750nM #1 | H26: =B26/B10 -> 4.1337793 | J26: Combo #1 | K26: =E26/B10 -> 1.319398
A27: palbo 750nM #2 | B27: ='Rep2'!E42 -> 728000 | D27: Combo #2 | E27: ='Rep2'!M42 -> 284000 | G27: palbo 750nM #2 | H27: =B27/B10 -> 3.6521739 | J27: Combo #2 | K27: =E27/B10 -> 1.4247492 | L27: =AVERAGE(K27:K29) -> 1.3812709
A28: palbo 750nM #2 | B28: ='Rep2'!E43 -> 774000 | D28: Combo #2 | E28: ='Rep2'!M43 -> 274000 | G28: palbo 750nM #2 | H28: =B28/B10 -> 3.8829431 | J28: Combo #2 | K28: =E28/B10 -> 1.3745819
A29: palbo 750nM #2 | B29: ='Rep2'!E44 -> 758000 | D29: Combo #2 | E29: ='Rep2'!M44 -> 268000 | G29: palbo 750nM #2 | H29: =B29/B10 -> 3.8026756 | J29: Combo #2 | K29: =E29/B10 -> 1.3444816
A30: palbo 750nM #3 | B30: ='Rep2'!E45 -> 751000 | D30: Combo #3 | E30: ='Rep2'!M45 -> 263000 | G30: palbo 750nM #3 | H30: =B30/B10 -> 3.7675585 | J30: Combo #3 | K30: =E30/B10 -> 1.319398 | L30: =AVERAGE(K30:K32) -> 1.3494983
A31: palbo 750nM #3 | B31: ='Rep2'!E46 -> 857000 | D31: Combo #3 | E31: ='Rep2'!M46 -> 277000 | G31: palbo 750nM #3 | H31: =B31/B10 -> 4.2993311 | J31: Combo #3 | K31: =E31/B10 -> 1.3896321
A32: palbo 750nM #3 | B32: ='Rep2'!E47 -> 872000 | D32: Combo #3 | E32: ='Rep2'!M47 -> 267000 | G32: palbo 750nM #3 | H32: =B32/B10 -> 4.3745819 | J32: Combo #3 | K32: =E32/B10 -> 1.3394649

Sheet Rep3 17days
A1: Day 0
A3: Sample | B3: Counter Read | E3: Control Palbo (750nM): Day 7 | F3: 1 | G3: =AVERAGE(H13:H21) -> 2.0884271
A4: #1 | B4: ='Rep3'!E12 -> 270000 | E4: Control Palbo (750nM): Day 17 | F4: 1 | G4: =AVERAGE(H24:H32) -> 3.5338223
A5: #1 | B5: ='Rep3'!E13 -> 253000 | E5: Combination (200nM ICI + 300nM Palbo): Day 7 | F5: 1 | G5: =AVERAGE(K13:K21) -> 1.5493073
A6: #1 | B6: ='Rep3'!E14 -> 286000 | E6: Combination (200nM ICI + 300nM Palbo): Day 17 | F6: 1 | G6: =AVERAGE(K24:K32) -> 0.97269764
A7: #2 | B7: ='Rep3'!E15 -> 281000
A8: #2 | B8: ='Rep3'!E16 -> 284000
A9: #2 | B9: ='Rep3'!E17 -> 262000
B10: =AVERAGE(B4:B9) -> 272666.67
A12: Control Palbo (750nM): Day 7 | D12: Combination (200nM ICI + 300nM Palbo): Day 7 | G12: Control Palbo (750nM): Day 7 | J12: Combination (200nM ICI + 300nM Palbo): Day 7
A13: palbo 750nM #1 | B13: ='Rep3'!E23 -> 600000 | D13: Combo #1 | E13: ='Rep3'!M23 -> 388000 | G13: palbo 750nM #1 | H13: =B13/B10 -> 2.200489 | J13: Combo #1 | K13: =E13/B10 -> 1.4229829
A14: palbo 750nM #1 | B14: ='Rep3'!E24 -> 618000 | D14: Combo #1 | E14: ='Rep3'!M24 -> 416000 | G14: palbo 750nM #1 | H14: =B14/B10 -> 2.2665037 | J14: Combo #1 | K14: =E14/B10 -> 1.5256724
A15: palbo 750nM #1 | B15: ='Rep3'!E25 -> 594000 | D15: Combo #1 | E15: ='Rep3'!M25 -> 382000 | G15: palbo 750nM #1 | H15: =B15/B10 -> 2.1784841 | J15: Combo #1 | K15: =E15/B10 -> 1.400978
A16: palbo 750nM #2 | B16: ='Rep3'!E26 -> 543000 | D16: Combo #2 | E16: ='Rep3'!M26 -> 426000 | G16: palbo 750nM #2 | H16: =B16/B10 -> 1.9914425 | J16: Combo #2 | K16: =E16/B10 -> 1.5623472
A17: palbo 750nM #2 | B17: ='Rep3'!E27 -> 588000 | D17: Combo #2 | E17: ='Rep3'!M27 -> 466000 | G17: palbo 750nM #2 | H17: =B17/B10 -> 2.1564792 | J17: Combo #2 | K17: =E17/B10 -> 1.7090465
A18: palbo 750nM #2 | B18: ='Rep3'!E28 -> 556000 | D18: Combo #2 | E18: ='Rep3'!M28 -> 446000 | G18: palbo 750nM #2 | H18: =B18/B10 -> 2.0391198 | J18: Combo #2 | K18: =E18/B10 -> 1.6356968
A19: palbo 750nM #3 | B19: ='Rep3'!E29 -> 517000 | D19: Combo #3 | E19: ='Rep3'!M29 -> 413000 | G19: palbo 750nM #3 | H19: =B19/B10 -> 1.896088 | J19: Combo #3 | K19: =E19/B10 -> 1.5146699
A20: palbo 750nM #3 | B20: ='Rep3'!E30 -> 523000 | D20: Combo #3 | E20: ='Rep3'!M30 -> 440000 | G20: palbo 750nM #3 | H20: =B20/B10 -> 1.9180929 | J20: Combo #3 | K20: =E20/B10 -> 1.6136919
A21: palbo 750nM #3 | B21: ='Rep3'!E31 -> 586000 | D21: Combo #3 | E21: ='Rep3'!M31 -> 425000 | G21: palbo 750nM #3 | H21: =B21/B10 -> 2.1491443 | J21: Combo #3 | K21: =E21/B10 -> 1.5586797
A23: Control Palbo (750nM): Day 17 | D23: Combination (200nM ICI + 300nM Palbo): Day 17 | G23: Control Palbo (750nM): Day 17 | J23: Combination (200nM ICI + 300nM Palbo): Day 17
A24: palbo 750nM #1 | B24: ='Rep3'!E37 -> 956000 | D24: Combo #1 | E24: ='Rep3'!M37 -> 268000 | G24: palbo 750nM #1 | H24: =B24/B10 -> 3.5061125 | J24: Combo #1 | K24: =E24/B10 -> 0.98288509 | L24: =AVERAGE(K24:K26) -> 0.95721271
A25: palbo 750nM #1 | B25: ='Rep3'!E38 -> 957000 | D25: Combo #1 | E25: ='Rep3'!M38 -> 254000 | G25: palbo 750nM #1 | H25: =B25/B10 -> 3.50978 | J25: Combo #1 | K25: =E25/B10 -> 0.93154034
A26: palbo 750nM #1 | B26: ='Rep3'!E39 -> 983000 | D26: Combo #1 | E26: ='Rep3'!M39 -> 261000 | G26: palbo 750nM #1 | H26: =B26/B10 -> 3.6051345 | J26: Combo #1 | K26: =E26/B10 -> 0.95721271
A27: palbo 750nM #2 | B27: ='Rep3'!E40 -> 929000 | D27: Combo #2 | E27: ='Rep3'!M40 -> 265000 | G27: palbo 750nM #2 | H27: =B27/B10 -> 3.4070905 | J27: Combo #2 | K27: =E27/B10 -> 0.97188264 | L27: =AVERAGE(K27:K29) -> 0.98777506
A28: palbo 750nM #2 | B28: ='Rep3'!E41 -> 963000 | D28: Combo #2 | E28: ='Rep3'!M41 -> 256000 | G28: palbo 750nM #2 | H28: =B28/B10 -> 3.5317848 | J28: Combo #2 | K28: =E28/B10 -> 0.93887531
A29: palbo 750nM #2 | B29: ='Rep3'!E42 -> 982000 | D29: Combo #2 | E29: ='Rep3'!M42 -> 287000 | G29: palbo 750nM #2 | H29: =B29/B10 -> 3.601467 | J29: Combo #2 | K29: =E29/B10 -> 1.0525672
A30: palbo 750nM #3 | B30: ='Rep3'!E43 -> 976000 | D30: Combo #3 | E30: ='Rep3'!M43 -> 278000 | G30: palbo 750nM #3 | H30: =B30/B10 -> 3.5794621 | J30: Combo #3 | K30: =E30/B10 -> 1.0195599 | L30: =AVERAGE(K30:K32) -> 0.97310513
A31: palbo 750nM #3 | B31: ='Rep3'!E44 -> 937000 | D31: Combo #3 | E31: ='Rep3'!M44 -> 252000 | G31: palbo 750nM #3 | H31: =B31/B10 -> 3.4364303 | J31: Combo #3 | K31: =E31/B10 -> 0.92420538
A32: palbo 750nM #3 | B32: ='Rep3'!E45 -> 989000 | D32: Combo #3 | E32: ='Rep3'!M45 -> 266000 | G32: palbo 750nM #3 | H32: =B32/B10 -> 3.6271394 | J32: Combo #3 | K32: =E32/B10 -> 0.97555012
