Workbook

Sheet Sheet1
A1: T=0 for Month 1 (5/16/23)
A2: (same for all treatments)
A3: Sample | B3: Counter Read | C3: Cells/mL | D3: mL of cells | E3: Total cell number | F3: Average total cell # | G3: Stdev
A4: T=0 #1 | B4: 74 | C4: =B4*400 -> 29600 | D4: 2.5 | E4: =C4*D4 -> 74000 | F4: =AVERAGE(E4:E6) -> 69333.333 | G4: =_xlfn.STDEV.S(E4:E6) -> 5686.2407
A5: T=0 #2 | B5: 63 | C5: =B5*400 -> 25200 | D5: 2.5 | E5: =C5*D5 -> 63000
A6: T=0 #3 | B6: 71 | C6: =B6*400 -> 28400 | D6: 2.5 | E6: =C6*D6 -> 71000
A8: Month 1 (6/12/23)
A9: 750nM Palbo | I9: Constant ICI 750nM
A10: Sample | B10: Counter Read | C10: Cells/mL | D10: mL of cells | E10: Total cell number | F10: Average total cell # | G10: Stdev | I10: Sample | J10: Counter Read | K10: Cells/mL | L10: mL of cells | M10: Total cell number | N10: Average total cell # | O10: Stdev
A11: 1 month Palbo #1 | B11: 35 | C11: =B11*400 -> 14000 | D11: 2.5 | E11: =C11*D11 -> 35000 | F11: =AVERAGE(E11:E13) -> 31000 | G11: =_xlfn.STDEV.S(E11:E13) -> 4000 | I11: 1 month ICI #1 | J11: 878 | K11: =J11*400 -> 351200 | L11: 2.5 | M11: =K11*L11 -> 878000 | N11: =AVERAGE(M11:M13) -> 896333.33 | O11: =_xlfn.STDEV.S(K11:K13) -> 7203.7028
A12: 1 month Palbo #2 | B12: 27 | C12: =B12*400 -> 10800 | D12: 2.5 | E12: =C12*D12 -> 27000 | I12: 1 month ICI #2 | J12: 897 | K12: =J12*400 -> 358800 | L12: 2.5 | M12: =K12*L12 -> 897000
A13: 1 month Palbo #3 | B13: 31 | C13: =B13*400 -> 12400 | D13: 2.5 | E13: =C13*D13 -> 31000 | I13: 1 month ICI #3 | J13: 914 | K13: =J13*400 -> 365600 | L13: 2.5 | M13: =K13*L13 -> 914000
A14: 250nM AZD1775 | I14: AZD1775+ICI
A15: Sample | B15: Counter Read | C15: Cells/mL | D15: mL of cells | E15: Total cell number | F15: Average total cell # | G15: Stdev | I15: Sample | J15: Counter Read | K15: Cells/mL | L15: mL of cells | M15: Total cell number | N15: Average total cell # | O15: Stdev
A16: 1 month AZD #1 | B16: 4359 | C16: =B16*400 -> 1743600 | D16: 2.5 | E16: =C16*D16 -> 4359000 | F16: =AVERAGE(E16:E18) -> 4661666.7 | G16: =_xlfn.STDEV.S(E16:E18) -> 264577.65 | I16: 1 month AZD+ICI #1 | J16: 28 | K16: =J16*400 -> 11200 | L16: 2.5 | M16: =K16*L16 -> 28000 | N16: =AVERAGE(M16:M18) -> 35333.333 | O16: =_xlfn.STDEV.S(K16:K18) -> 3780.6525
A17: 1 month AZD #2 | B17: 4849 | C17: =B17*400 -> 1939600 | D17: 2.5 | E17: =C17*D17 -> 4849000 | I17: 1 month AZD+ICI #2 | J17: 46 | K17: =J17*400 -> 18400 | L17: 2.5 | M17: =K17*L17 -> 46000
A18: 1 month AZD #3 | B18: 4777 | C18: =B18*400 -> 1910800 | D18: 2.5 | E18: =C18*D18 -> 4777000 | I18: 1 month AZD+ICI #3 | J18: 32 | K18: =J18*400 -> 12800 | L18: 2.5 | M18: =K18*L18 -> 32000
A19: End of month 1 notes: Palbo plates very sparce. AZD+ICI plates also very sparce but not as sparce as Palbo. ICI plates ~85% confluent, cells flattened and spread out in large colonies. AZD plates VERY confluent, cells growing ontop of eachother, very clumpy, lots of floaters, possibly due to overgrowth (when lysing, did not collect floaters for these).
A22: New T=0 for Month 2 (6/13/23) Plated 70k
A23: Constant Palbo 750nM | I23: Constant ICI 750nM
A24: Sample | B24: Counter Read | C24: Cells/mL | D24: mL of cells | E24: Total cell number | F24: Average total cell # | G24: Stdev | I24: Sample | J24: Counter Read | K24: Cells/mL | L24: mL of cells | M24: Total cell number | N24: Average total cell # | O24: Stdev
A25: New T=0 for Month 2 | B25: 35 | C25: =B25*400 -> 14000 | D25: 2.5 | E25: =C25*D25 -> 35000 | F25: =AVERAGE(E25:E27) -> 31000 | G25: =_xlfn.STDEV.S(E25:E27) -> 4000 | I25: New T=0 for Month 2 | J25: 58 | K25: =J25*400 -> 23200 | L25: 2.5 | M25: =K25*L25 -> 58000 | N25: =AVERAGE(M25:M27) -> 59333.333 | O25: =_xlfn.STDEV.S(K25:K27) -> 2052.6406
A26: New T=0 for Month 2 | B26: 27 | C26: =B26*400 -> 10800 | D26: 2.5 | E26: =C26*D26 -> 27000 | I26: New T=0 for Month 2 | J26: 55 | K26: =J26*400 -> 22000 | L26: 2.5 | M26: =K26*L26 -> 55000
A27: New T=0 for Month 2 | B27: 31 | C27: =B27*400 -> 12400 | D27: 2.5 | E27: =C27*D27 -> 31000 | I27: New T=0 for Month 2 | J27: 65 | K27: =J27*400 -> 26000 | L27: 2.5 | M27: =K27*L27 -> 65000
A28: 250nM AZD1775 | I28: AZD1775+ICI
A29: Sample | B29: Counter Read | C29: Cells/mL | D29: mL of cells | E29: Total cell number | F29: Average total cell # | G29: Stdev | I29: Sample | J29: Counter Read | K29: Cells/mL | L29: mL of cells | M29: Total cell number | N29: Average total cell # | O29: Stdev
A30: New T=0 for Month 2 | B30: 48 | C30: =B30*400 -> 19200 | D30: 2.5 | E30: =C30*D30 -> 48000 | F30: =AVERAGE(E30:E32) -> 55000 | G30: =_xlfn.STDEV.S(E30:E32) -> 6557.4385 | I30: New T=0 for Month 2 | J30: 28 | K30: =J30*400 -> 11200 | L30: 2.5 | M30: =K30*L30 -> 28000 | N30: =AVERAGE(M30:M32) -> 35333.333 | O30: =_xlfn.STDEV.S(K30:K32) -> 3780.6525
A31: New T=0 for Month 2 | B31: 61 | C31: =B31*400 -> 24400 | D31: 2.5 | E31: =C31*D31 -> 61000 | I31: New T=0 for Month 2 | J31: 46 | K31: =J31*400 -> 18400 | L31: 2.5 | M31: =K31*L31 -> 46000
A32: New T=0 for Month 2 | B32: 56 | C32: =B32*400 -> 22400 | D32: 2.5 | E32: =C32*D32 -> 56000 | I32: New T=0 for Month 2 | J32: 32 | K32: =J32*400 -> 12800 | L32: 2.5 | M32: =K32*L32 -> 32000
A33: Alternating: 750nM Palbo/400nM ICI+200nM Palbo: 1 month Palbo--> | I33: Alternating: 750nM Palbo/750nM ICI+250nM AZD1775: 1 month Palbo -->
A34: Sample | B34: Counter Read | C34: Cells/mL | D34: mL of cells | E34: Total cell number | F34: Average total cell # | G34: Stdev | I34: Sample | J34: Counter Read | K34: Cells/mL | L34: mL of cells | M34: Total cell number | N34: Average total cell # | O34: Stdev
A35: New T=0 for Month 2 | B35: 36 | C35: =B35*400 -> 14400 | D35: 2.5 | E35: =C35*D35 -> 36000 | F35: =AVERAGE(E35:E37) -> 30000 | G35: =_xlfn.STDEV.S(E35:E37) -> 5196.1524 | I35: New T=0 for Month 2 | J35: 37 | K35: =J35*400 -> 14800 | L35: 2.5 | M35: =K35*L35 -> 37000 | N35: =AVERAGE(M35:M37) -> 33666.667 | O35: =_xlfn.STDEV.S(K35:K37) -> 1404.7538
A36: New T=0 for Month 2 | B36: 27 | C36: =B36*400 -> 10800 | D36: 2.5 | E36: =C36*D36 -> 27000 | I36: New T=0 for Month 2 | J36: 30 | K36: =J36*400 -> 12000 | L36: 2.5 | M36: =K36*L36 -> 30000
A37: New T=0 for Month 2 | B37: 27 | C37: =B37*400 -> 10800 | D37: 2.5 | E37: =C37*D37 -> 27000 | I37: New T=0 for Month 2 | J37: 34 | K37: =J37*400 -> 13600 | L37: 2.5 | M37: =K37*L37 -> 34000
A38: Re-plated each condition into 5-6 plates with drugs in media with 70k cells. Palbo cells and AZD+ICI cells didn't all re-attach, new plates very very sparce.
A40: Month 2 (7/10/23)
A41: 750nM Palbo | I41: Constant ICI 750nM
A42: Sample | B42: Counter Read | C42: Cells/mL | D42: mL of cells | E42: Total cell number | F42: Average total cell # | G42: Stdev | I42: Sample | J42: Counter Read | K42: Cells/mL | L42: mL of cells | M42: Total cell number | N42: Average total cell # | O42: Stdev
A43: 2 month Palbo | B43: 18 | C43: =B43*400 -> 7200 | D43: 2.5 | E43: =C43*D43 -> 18000 | F43: =AVERAGE(E43:E45) -> 20333.333 | G43: =_xlfn.STDEV.S(E43:E45) -> 2516.6115 | I43: 2 month ICI | J43: 1340 | K43: =J43*400 -> 536000 | L43: 2.5 | M43: =K43*L43 -> 1340000 | N43: =AVERAGE(M43:M45) -> 1397000 | O43: =_xlfn.STDEV.S(K43:K45) -> 28534.891
A44: 2 month Palbo | B44: 23 | C44: =B44*400 -> 9200 | D44: 2.5 | E44: =C44*D44 -> 23000 | I44: 2 month ICI | J44: 1374 | K44: =J44*400 -> 549600 | L44: 2.5 | M44: =K44*L44 -> 1374000
A45: 2 month Palbo | B45: 20 | C45: =B45*400 -> 8000 | D45: 2.5 | E45: =C45*D45 -> 20000 | I45: 2 month ICI | J45: 1477 | K45: =J45*400 -> 590800 | L45: 2.5 | M45: =K45*L45 -> 1477000
A46: 250nM AZD1775 | I46: AZD1775+ICI
A47: Sample | B47: Counter Read | C47: Cells/mL | D47: mL of cells | E47: Total cell number | F47: Average total cell # | G47: Stdev | I47: Sample | J47: Counter Read | K47: Cells/mL | L47: mL of cells | M47: Total cell number | N47: Average total cell # | O47: Stdev
A48: 2 month AZD | B48: 5342 | C48: =B48*400 -> 2136800 | D48: 2.5 | E48: =C48*D48 -> 5342000 | F48: =AVERAGE(E48:E50) -> 5151333.3 | G48: =_xlfn.STDEV.S(E48:E50) -> 190003.51 | I48: 2 month AZD+ICI | J48: 86 | K48: =J48*400 -> 34400 | L48: 2.5 | M48: =K48*L48 -> 86000 | N48: =AVERAGE(M48:M50) -> 79000 | O48: =_xlfn.STDEV.S(K48:K50) -> 2433.105
A49: 2 month AZD | B49: 5150 | C49: =B49*400 -> 2060000 | D49: 2.5 | E49: =C49*D49 -> 5150000 | I49: 2 month AZD+ICI | J49: 76 | K49: =J49*400 -> 30400 | L49: 2.5 | M49: =K49*L49 -> 76000
A50: 2 month AZD | B50: 4962 | C50: =B50*400 -> 1984800 | D50: 2.5 | E50: =C50*D50 -> 4962000 | I50: 2 month AZD+ICI | J50: 75 | K50: =J50*400 -> 30000 | L50: 2.5 | M50: =K50*L50 -> 75000
A51: Alternating: 750nM Palbo/400nM ICI+200nM Palbo: 1 month Palbo-->1 month Palbo+ICI | I51: Alternating: 750nM Palbo/750nM ICI+250nM AZD1775: 1 month Palbo --> 1 month AZD+ICI
A52: Sample | B52: Counter Read | C52: Cells/mL | D52: mL of cells | E52: Total cell number | F52: Average total cell # | G52: Stdev | I52: Sample | J52: Counter Read | K52: Cells/mL | L52: mL of cells | M52: Total cell number | N52: Average total cell # | O52: Stdev
A53: Alternating Month 2 | B53: 8 | C53: =B53*400 -> 3200 | D53: 2.5 | E53: =C53*D53 -> 8000 | F53: =AVERAGE(E53:E55) -> 14666.667 | G53: =_xlfn.STDEV.S(E53:E55) -> 6110.1009 | I53: Alternating Month 2 | J53: 22 | K53: =J53*400 -> 8800 | L53: 2.5 | M53: =K53*L53 -> 22000 | N53: =AVERAGE(M53:M55) -> 20333.333 | O53: =_xlfn.STDEV.S(K53:K55) -> 832.6664
A54: Alternating Month 2 | B54: 16 | C54: =B54*400 -> 6400 | D54: 2.5 | E54: =C54*D54 -> 16000 | I54: Alternating Month 2 | J54: 21 | K54: =J54*400 -> 8400 | L54: 2.5 | M54: =K54*L54 -> 21000
A55: Alternating Month 2 | B55: 20 | C55: =B55*400 -> 8000 | D55: 2.5 | E55: =C55*D55 -> 20000 | I55: Alternating Month 2 | J55: 18 | K55: =J55*400 -> 7200 | L55: 2.5 | M55: =K55*L55 -> 18000
A56: End of Month 2 notes: Mono Palbo and both Alternating plates VERY few cells. Did not lyse this month (too few in those plates) and did not re-plate those 3 treatments (too few cells, would lose them all) washed alternating plates 1x with PBS and changed drug for alternating plates to Palbo. Mono AZD very confluent, cells growing ontop of eachother. Re-plated Mono AZD and Mono ICI from (1) plate into (3) plates for month 3 with 70k. Combined (5) Mono AZD+ICI plates and re-plated into (6) plates for month 3 with 70k cells.
A59: New T=0 for Month 3 (7/11/23) Plated 70k
A60: Mono Palbo 750nM | I60: Mono ICI 750nM
A61: Sample | B61: Counter Read | C61: Cells/mL | D61: mL of cells | E61: Total cell number | F61: Average total cell # | G61: Stdev | I61: Sample | J61: Counter Read | K61: Cells/mL | L61: mL of cells | M61: Total cell number | N61: Average total cell # | O61: Stdev
A62: New T=0 for Month 3 | D62: 2.5 | F62: N/A | I62: New T=0 for Month 3 | J62: 56 | K62: =J62*400 -> 22400 | L62: 2.5 | M62: =K62*L62 -> 56000 | N62: =AVERAGE(M62:M64) -> 52333.333 | O62: =_xlfn.STDEV.S(K62:K64) -> 1890.3263
A63: New T=0 for Month 3 | D63: 2.5 | I63: New T=0 for Month 3 | J63: 47 | K63: =J63*400 -> 18800 | L63: 2.5 | M63: =K63*L63 -> 47000
A64: New T=0 for Month 3 | D64: 2.5 | I64: New T=0 for Month 3 | J64: 54 | K64: =J64*400 -> 21600 | L64: 2.5 | M64: =K64*L64 -> 54000
A65: Mono 250nM AZD1775 | I65: Mono AZD1775+ICI
A66: Sample | B66: Counter Read | C66: Cells/mL | D66: mL of cells | E66: Total cell number | F66: Average total cell # | G66: Stdev | I66: Sample | J66: Counter Read | K66: Cells/mL | L66: mL of cells | M66: Total cell number | N66: Average total cell # | O66: Stdev
A67: New T=0 for Month 3 | B67: 44 | C67: =B67*400 -> 17600 | D67: 2.5 | E67: =C67*D67 -> 44000 | F67: =AVERAGE(E67:E69) -> 45000 | G67: =_xlfn.STDEV.S(E67:E69) -> 6557.4385 | I67: New T=0 for Month 3 | J67: 38 | K67: =J67*400 -> 15200 | L67: 2.5 | M67: =K67*L67 -> 38000 | N67: =AVERAGE(M67:M69) -> 35000 | O67: =_xlfn.STDEV.S(K67:K69) -> 1200
A68: New T=0 for Month 3 | B68: 52 | C68: =B68*400 -> 20800 | D68: 2.5 | E68: =C68*D68 -> 52000 | I68: New T=0 for Month 3 | J68: 35 | K68: =J68*400 -> 14000 | L68: 2.5 | M68: =K68*L68 -> 35000
A69: New T=0 for Month 3 | B69: 39 | C69: =B69*400 -> 15600 | D69: 2.5 | E69: =C69*D69 -> 39000 | I69: New T=0 for Month 3 | J69: 32 | K69: =J69*400 -> 12800 | L69: 2.5 | M69: =K69*L69 -> 32000
A70: Alternating: 750nM Palbo/400nM ICI+200nM Palbo: 1 month Palbo-->1 month Palbo+ICI | I70: Alternating: 750nM Palbo/750nM ICI+250nM AZD1775: 1 month Palbo --> 1 month AZD+ICI
A71: Sample | B71: Counter Read | C71: Cells/mL | D71: mL of cells | E71: Total cell number | F71: Average total cell # | G71: Stdev | I71: Sample | J71: Counter Read | K71: Cells/mL | L71: mL of cells | M71: Total cell number | N71: Average total cell # | O71: Stdev
A72: New T=0 for Month 3 | F72: N/A | I72: New T=0 for Month 3 | N72: N/A
A73: New T=0 for Month 3 | I73: New T=0 for Month 3
A74: New T=0 for Month 3 | I74: New T=0 for Month 3
A76: Month 3 (8/7/23)
A77: Mono 750nM Palbo | I77: Mono ICI 750nM
A78: Sample | B78: Counter Read | C78: Cells/mL | D78: mL of cells | E78: Total cell number | F78: Average total cell # | G78: Stdev | I78: Sample | J78: Counter Read | K78: Cells/mL | L78: mL of cells | M78: Total cell number | N78: Average total cell # | O78: Stdev
A79: 3 month Palbo | B79: 48 | C79: =B79*400 -> 19200 | D79: 4 | E79: =C79*D79 -> 76800 | F79: =AVERAGE(E79:E81) -> 90666.667 | G79: =_xlfn.STDEV.S(E79:E81) -> 21306.65 | I79: 3 month ICI | J79: 1101 | K79: =J79*400 -> 440400 | L79: 2.5 | M79: =K79*L79 -> 1101000 | N79: =AVERAGE(M79:M81) -> 1110666.7 | O79: =_xlfn.STDEV.S(K79:K81) -> 4495.9241
A80: 3 month Palbo | B80: 72 | C80: =B80*400 -> 28800 | D80: 4 | E80: =C80*D80 -> 115200 | I80: 3 month ICI | J80: 1108 | K80: =J80*400 -> 443200 | L80: 2.5 | M80: =K80*L80 -> 1108000
A81: 3 month Palbo | B81: 50 | C81: =B81*400 -> 20000 | D81: 4 | E81: =C81*D81 -> 80000 | I81: 3 month ICI | J81: 1123 | K81: =J81*400 -> 449200 | L81: 2.5 | M81: =K81*L81 -> 1123000
A82: Mono 250nM AZD1775 | I82: Mono AZD1775+ICI
A83: Sample | B83: Counter Read | C83: Cells/mL | D83: mL of cells | E83: Total cell number | F83: Average total cell # | G83: Stdev | I83: Sample | J83: Counter Read | K83: Cells/mL | L83: mL of cells | M83: Total cell number | N83: Average total cell # | O83: Stdev
A84: 3 month AZD | B84: 6719 | C84: =B84*400 -> 2687600 | D84: 2.5 | E84: =C84*D84 -> 6719000 | F84: =AVERAGE(E84:E86) -> 6608666.7 | G84: =_xlfn.STDEV.S(E84:E86) -> 160935.81 | I84: 3 month AZD+ICI | J84: 188 | K84: =J84*400 -> 75200 | L84: 2.5 | M84: =K84*L84 -> 188000 | N84: =AVERAGE(M84:M86) -> 203666.67 | O84: =_xlfn.STDEV.S(K84:K86) -> 8544.784
A85: 3 month AZD | B85: 6424 | C85: =B85*400 -> 2569600 | D85: 2.5 | E85: =C85*D85 -> 6424000 | I85: 3 month AZD+ICI | J85: 195 | K85: =J85*400 -> 78000 | L85: 2.5 | M85: =K85*L85 -> 195000
A86: 3 month AZD | B86: 6683 | C86: =B86*400 -> 2673200 | D86: 2.5 | E86: =C86*D86 -> 6683000 | I86: 3 month AZD+ICI | J86: 228 | K86: =J86*400 -> 91200 | L86: 2.5 | M86: =K86*L86 -> 228000
A87: Alternating: 750nM Palbo/400nM ICI+200nM Palbo: 1 month Palbo-->1 month Palbo+ICI--->1 month Palbo--> | I87: Alternating: 750nM Palbo/750nM ICI+250nM AZD1775: 1 month Palbo --> 1 month AZD+ICI---->1 month Palbo-->
A88: Sample | B88: Counter Read | C88: Cells/mL | D88: mL of cells | E88: Total cell number | F88: Average total cell # | G88: Stdev | I88: Sample | J88: Counter Read | K88: Cells/mL | L88: mL of cells | M88: Total cell number | N88: Average total cell # | O88: Stdev
A89: Alternating Month 3 | B89: 49 | C89: =B89*400 -> 19600 | D89: 4 | E89: =C89*D89 -> 78400 | F89: =AVERAGE(E89:E91) -> 77866.667 | G89: =_xlfn.STDEV.S(E89:E91) -> 8812.1129 | I89: Alternating Month 3 | J89: 45 | K89: =J89*400 -> 18000 | L89: 4 | M89: =K89*L89 -> 72000 | N89: =AVERAGE(M89:M91) -> 65066.667 | O89: =_xlfn.STDEV.S(K89:K91) -> 3716.6293
A90: Alternating Month 3 | B90: 54 | C90: =B90*400 -> 21600 | D90: 4 | E90: =C90*D90 -> 86400 | I90: Alternating Month 3 | J90: 47 | K90: =J90*400 -> 18800 | L90: 4 | M90: =K90*L90 -> 75200
A91: Alternating Month 3 | B91: 43 | C91: =B91*400 -> 17200 | D91: 4 | E91: =C91*D91 -> 68800 | I91: Alternating Month 3 | J91: 30 | K91: =J91*400 -> 12000 | L91: 4 | M91: =K91*L91 -> 48000
A92: End of Month 3 Notes: All Mono Palbo plates and both Alternating conditions plates (4 plates of each) have been on same plates since end of month 1. Each plate has one or two small colonies of cells. Trypsinized and combined all 4 plates/cells, counted, and re-plated ALL cells onto ONE 60mm dish for month 4. This cell number for end of month 3 will also be the "T=0 for Month 4" cell number.
A95: New T=0 for Month 4 (8/8/23) Plated 70k
A96: Constant Palbo 750nM | I96: Constant ICI 750nM
A97: Sample | B97: Counter Read | C97: Cells/mL | D97: mL of cells | E97: Total cell number | F97: Average total cell # | G97: Stdev | I97: Sample | J97: Counter Read | K97: Cells/mL | L97: mL of cells | M97: Total cell number | N97: Average total cell # | O97: Stdev
A98: New T=0 for Month 4 | B98: 48 | C98: =B98*400 -> 19200 | D98: 4 | E98: =C98*D98 -> 76800 | F98: =AVERAGE(E98:E100) -> 90666.667 | G98: =_xlfn.STDEV.S(E98:E100) -> 21306.65 | I98: New T=0 for Month 4 | J98: 53 | K98: =J98*400 -> 21200 | L98: 2.5 | M98: =K98*L98 -> 53000 | N98: =AVERAGE(M98:M100) -> 64666.667 | O98: =_xlfn.STDEV.S(K98:K100) -> 5547.3718
A99: New T=0 for Month 4 | B99: 72 | C99: =B99*400 -> 28800 | D99: 4 | E99: =C99*D99 -> 115200 | I99: New T=0 for Month 4 | J99: 61 | K99: =J99*400 -> 24400 | L99: 2.5 | M99: =K99*L99 -> 61000
A100: New T=0 for Month 4 | B100: 50 | C100: =B100*400 -> 20000 | D100: 4 | E100: =C100*D100 -> 80000 | I100: New T=0 for Month 4 | J100: 80 | K100: =J100*400 -> 32000 | L100: 2.5 | M100: =K100*L100 -> 80000
A101: 250nM AZD1775 | I101: AZD1775+ICI
A102: Sample | B102: Counter Read | C102: Cells/mL | D102: mL of cells | E102: Total cell number | F102: Average total cell # | G102: Stdev | I102: Sample | J102: Counter Read | K102: Cells/mL | L102: mL of cells | M102: Total cell number | N102: Average total cell # | O102: Stdev
A103: New T=0 for Month 4 | B103: 55 | C103: =B103*400 -> 22000 | D103: 2.5 | E103: =C103*D103 -> 55000 | F103: =AVERAGE(E103:E105) -> 72333.333 | G103: =_xlfn.STDEV.S(E103:E105) -> 15143.756 | I103: New T=0 for Month 4 | J103: 55 | K103: =J103*400 -> 22000 | L103: 2.5 | M103: =K103*L103 -> 55000 | N103: =AVERAGE(M103:M105) -> 63333.333 | O103: =_xlfn.STDEV.S(K103:K105) -> 4460.1943
A104: New T=0 for Month 4 | B104: 79 | C104: =B104*400 -> 31600 | D104: 2.5 | E104: =C104*D104 -> 79000 | I104: New T=0 for Month 4 | J104: 76 | K104: =J104*400 -> 30400 | L104: 2.5 | M104: =K104*L104 -> 76000
A105: New T=0 for Month 4 | B105: 83 | C105: =B105*400 -> 33200 | D105: 2.5 | E105: =C105*D105 -> 83000 | I105: New T=0 for Month 4 | J105: 59 | K105: =J105*400 -> 23600 | L105: 2.5 | M105: =K105*L105 -> 59000
A106: Alternating: 750nM Palbo/400nM ICI+200nM Palbo: 1 month Palbo-->1 month Palbo+ICI--->1 month Palbo--> | I106: Alternating: 750nM Palbo/750nM ICI+250nM AZD1775: 1 month Palbo --> 1 month AZD+ICI---->1 month Palbo-->
A107: Sample | B107: Counter Read | C107: Cells/mL | D107: mL of cells | E107: Total cell number | F107: Average total cell # | G107: Stdev | I107: Sample | J107: Counter Read | K107: Cells/mL | L107: mL of cells | M107: Total cell number | N107: Average total cell # | O107: Stdev
A108: New T=0 for Month 4 | B108: 49 | C108: =B108*400 -> 19600 | D108: 4 | E108: =C108*D108 -> 78400 | F108: =AVERAGE(E108:E110) -> 77866.667 | G108: =_xlfn.STDEV.S(E108:E110) -> 8812.1129 | I108: New T=0 for Month 4 | J108: 45 | K108: =J108*400 -> 18000 | L108: 4 | M108: =K108*L108 -> 72000 | N108: =AVERAGE(M108:M110) -> 65066.667 | O108: =_xlfn.STDEV.S(K108:K110) -> 3716.6293
A109: New T=0 for Month 4 | B109: 54 | C109: =B109*400 -> 21600 | D109: 4 | E109: =C109*D109 -> 86400 | I109: New T=0 for Month 4 | J109: 47 | K109: =J109*400 -> 18800 | L109: 4 | M109: =K109*L109 -> 75200
...

Sheet Sheet2
A1: Day 0
A2: Sample
A3: T=0 #1 | B3: =Sheet1!E4 -> 74000
A4: T=0 #2 | B4: =Sheet1!E5 -> 63000
A5: T=0 #3 | B5: =Sheet1!E6 -> 71000
B6: =AVERAGE(B3:B5) -> 69333.333
A8: Month 1 | D8: Month 1
A9: Palbo 750nM | B9: Constant ICI 750nM | D9: Palbo 750nM | E9: ICI 750nM
A10: =Sheet1!E11 -> 35000 | B10: =Sheet1!M11 -> 878000 | D10: =A10/B6 -> 0.50480769 | E10: =B10/B6 -> 12.663462
A11: =Sheet1!E12 -> 27000 | B11: =Sheet1!M12 -> 897000 | D11: =A11/B6 -> 0.38942308 | E11: =B11/B6 -> 12.9375
A12: =Sheet1!E13 -> 31000 | B12: =Sheet1!M13 -> 914000 | D12: =A12/B6 -> 0.44711538 | E12: =B12/B6 -> 13.182692
D13: =AVERAGE(D10:D12) -> 0.44711538 | E13: =AVERAGE(E10:E12) -> 12.927885
A14: 250nM AZD1775 | B14: AZD1775+ICI | D14: 250nM AZD1775 | E14: AZD1775+ICI
A15: =Sheet1!E16 -> 4359000 | B15: =Sheet1!M16 -> 28000 | D15: =A15/B6 -> 62.870192 | E15: =B15/B6 -> 0.40384615
A16: =Sheet1!E17 -> 4849000 | B16: =Sheet1!M17 -> 46000 | D16: =A16/B6 -> 69.9375 | E16: =B16/B6 -> 0.66346154
A17: =Sheet1!E18 -> 4777000 | B17: =Sheet1!M18 -> 32000 | D17: =A17/B6 -> 68.899038 | E17: =B17/B6 -> 0.46153846
D18: =AVERAGE(D15:D17) -> 67.235577 | E18: =AVERAGE(E15:E17) -> 0.50961538
A19: Alternating: 750nM Palbo/400nM ICI+200nM Palbo | B19: Alternating: 750nM Palbo/750nM ICI+250nM AZD1775 | D19: Alternating: 750nM Palbo/400nM ICI+200nM Palbo | E19: Alternating: 750nM Palbo/750nM ICI+250nM AZD1775
A20: =A10 -> 35000 | B20: =A10 -> 35000 | D20: =A20/B6 -> 0.50480769 | E20: =B20/B6 -> 0.50480769
A21: =A11 -> 27000 | B21: =A11 -> 27000 | D21: =A21/B6 -> 0.38942308 | E21: =B21/B6 -> 0.38942308
A22: =A12 -> 31000 | B22: =A12 -> 31000 | D22: =A22/B6 -> 0.44711538 | E22: =B22/B6 -> 0.44711538
A26: New T=0 for Month 2
A27: Palbo 750nM | B27: ICI 750nM
A28: =Sheet1!E25 -> 35000 | B28: =Sheet1!M25 -> 58000
A29: =Sheet1!E26 -> 27000 | B29: =Sheet1!M26 -> 55000
A30: =Sheet1!E27 -> 31000 | B30: =Sheet1!M27 -> 65000
A31: =AVERAGE(A28:A30) -> 31000 | B31: =AVERAGE(B28:B30) -> 59333.333
A33: 250nM AZD1775 | B33: AZD1775+ICI
A34: =Sheet1!E30 -> 48000 | B34: =Sheet1!M30 -> 28000
A35: =Sheet1!E31 -> 61000 | B35: =Sheet1!M31 -> 46000
A36: =Sheet1!E32 -> 56000 | B36: =Sheet1!M32 -> 32000
A37: =AVERAGE(A34:A36) -> 55000 | B37: =AVERAGE(B34:B36) -> 35333.333
A39: Alternating: 750nM Palbo/400nM ICI+200nM Palbo | B39: Alternating: 750nM Palbo/750nM ICI+250nM AZD1775
A40: =Sheet1!E35 -> 36000 | B40: =Sheet1!M35 -> 37000
A41: =Sheet1!E36 -> 27000 | B41: =Sheet1!M36 -> 30000
A42: =Sheet1!E37 -> 27000 | B42: =Sheet1!M37 -> 34000
A43: =AVERAGE(A40:A42) -> 30000 | B43: =AVERAGE(B40:B42) -> 33666.667
A46: Month 2 | D46: Month 2
A47: Constant Palbo 750nM | B47: Constant ICI 750nM | D47: Palbo 750nM | E47: ICI 750nM
A48: =Sheet1!E43 -> 18000 | B48: =Sheet1!M43 -> 1340000 | D48: =A48/A31 -> 0.58064516 | E48: =B48/B31 -> 22.58427
A49: =Sheet1!E44 -> 23000 | B49: =Sheet1!M44 -> 1374000 | D49: =A49/A31 -> 0.74193548 | E49: =B49/B31 -> 23.157303
A50: =Sheet1!E45 -> 20000 | B50: =Sheet1!M45 -> 1477000 | D50: =A50/A31 -> 0.64516129 | E50: =B50/B31 -> 24.893258
D51: =AVERAGE(D48:D50) -> 0.65591398 | E51: =AVERAGE(E48:E50) -> 23.544944
A52: 250nM AZD1775 | B52: AZD1775+ICI | D52: 250nM AZD1775 | E52: AZD1775+ICI
A53: =Sheet1!E48 -> 5342000 | B53: =Sheet1!M48 -> 86000 | D53: =A53/A37 -> 97.127273 | E53: =B53/B37 -> 2.4339623
A54: =Sheet1!E49 -> 5150000 | B54: =Sheet1!M49 -> 76000 | D54: =A54/A37 -> 93.636364 | E54: =B54/B37 -> 2.1509434
A55: =Sheet1!E50 -> 4962000 | B55: =Sheet1!M50 -> 75000 | D55: =A55/A37 -> 90.218182 | E55: =B55/B37 -> 2.1226415
D56: =AVERAGE(D53:D55) -> 93.660606 | E56: =AVERAGE(E53:E55) -> 2.2358491
A57: Alternating: 750nM Palbo/400nM ICI+200nM Palbo | B57: Alternating: 750nM Palbo/750nM ICI+250nM AZD1775 | D57: Alternating: 750nM Palbo/400nM ICI+200nM Palbo | E57: Alternating: 750nM Palbo/750nM ICI+250nM AZD1775
A58: =Sheet1!E53 -> 8000 | B58: =Sheet1!M53 -> 22000 | D58: =A58/A43 -> 0.26666667 | E58: =B58/B43 -> 0.65346535
A59: =Sheet1!E54 -> 16000 | B59: =Sheet1!M54 -> 21000 | D59: =A59/A43 -> 0.53333333 | E59: =B59/B43 -> 0.62376238
A60: =Sheet1!E55 -> 20000 | B60: =Sheet1!M55 -> 18000 | D60: =A60/A43 -> 0.66666667 | E60: =B60/B43 -> 0.53465347
D61: =AVERAGE(D58:D60) -> 0.48888889 | E61: =AVERAGE(E58:E60) -> 0.6039604
A63: New T=0 for Month 3
A64: Palbo 750nM | B64: ICI 750nM
A65: =Sheet1!E25 -> 35000 | B65: =Sheet1!M62 -> 56000
A66: =Sheet1!E26 -> 27000 | B66: =Sheet1!M63 -> 47000
A67: =Sheet1!E27 -> 31000 | B67: =Sheet1!M64 -> 54000
A68: =AVERAGE(A65:A67) -> 31000 | B68: =AVERAGE(B65:B67) -> 52333.333
A70: 250nM AZD1775 | B70: AZD1775+ICI
A71: =Sheet1!E67 -> 44000 | B71: =Sheet1!M67 -> 38000
A72: =Sheet1!E68 -> 52000 | B72: =Sheet1!M68 -> 35000
A73: =Sheet1!E69 -> 39000 | B73: =Sheet1!M69 -> 32000
A74: =AVERAGE(A71:A73) -> 45000 | B74: =AVERAGE(B71:B73) -> 35000
A76: Alternating: 750nM Palbo/400nM ICI+200nM Palbo | B76: Alternating: 750nM Palbo/750nM ICI+250nM AZD1775
A77: =Sheet1!E35 -> 36000 | B77: =Sheet1!M35 -> 37000
A78: =Sheet1!E36 -> 27000 | B78: =Sheet1!M36 -> 30000
A79: =Sheet1!E37 -> 27000 | B79: =Sheet1!M37 -> 34000
A80: =AVERAGE(A77:A79) -> 30000 | B80: =AVERAGE(B77:B79) -> 33666.667
A83: Month 3 | D83: Month 3
A84: Constant Palbo 750nM | B84: Constant ICI 750nM | D84: Palbo 750nM | E84: ICI 750nM
A85: =Sheet1!E79 -> 76800 | B85: =Sheet1!M79 -> 1101000 | D85: =A85/A68 -> 2.4774194 | E85: =B85/B68 -> 21.038217
A86: =Sheet1!E80 -> 115200 | B86: =Sheet1!M80 -> 1108000 | D86: =A86/A68 -> 3.716129 | E86: =B86/B68 -> 21.171975
A87: =Sheet1!E81 -> 80000 | B87: =Sheet1!M81 -> 1123000 | D87: =A87/A68 -> 2.5806452 | E87: =B87/B68 -> 21.458599
D88: =AVERAGE(D85:D87) -> 2.9247312 | E88: =AVERAGE(E85:E87) -> 21.22293
A89: 250nM AZD1775 | B89: AZD1775+ICI | D89: 250nM AZD1775 | E89: AZD1775+ICI
A90: =Sheet1!E84 -> 6719000 | B90: =Sheet1!M84 -> 188000 | D90: =A90/A74 -> 149.31111 | E90: =B90/B74 -> 5.3714286
A91: =Sheet1!E85 -> 6424000 | B91: =Sheet1!M85 -> 195000 | D91: =A91/A74 -> 142.75556 | E91: =B91/B74 -> 5.5714286
A92: =Sheet1!E86 -> 6683000 | B92: =Sheet1!M86 -> 228000 | D92: =A92/A74 -> 148.51111 | E92: =B92/B74 -> 6.5142857
D93: =AVERAGE(D90:D92) -> 146.85926 | E93: =AVERAGE(E90:E92) -> 5.8190476
A94: Alternating: 750nM Palbo/400nM ICI+200nM Palbo | B94: Alternating: 750nM Palbo/750nM ICI+250nM AZD1775
A95: =Sheet1!E89 -> 78400 | B95: =Sheet1!M89 -> 72000 | D95: Alternating: 750nM Palbo/400nM ICI+200nM Palbo | E95: Alternating: 750nM Palbo/750nM ICI+250nM AZD1775
A96: =Sheet1!E90 -> 86400 | B96: =Sheet1!M90 -> 75200 | D96: =A95/A80 -> 2.6133333 | E96: =B95/B80 -> 2.1386139
A97: =Sheet1!E91 -> 68800 | B97: =Sheet1!M91 -> 48000 | D97: =A96/A80 -> 2.88 | E97: =B96/B80 -> 2.2336634
D98: =A97/A80 -> 2.2933333 | E98: =B97/B80 -> 1.4257426
D99: =AVERAGE(D96:D98) -> 2.5955556 | E99: =AVERAGE(E96:E98) -> 1.9326733
A100: New T=0 for Month 4
A101: Constant Palbo 750nM | B101: Constant ICI 750nM
A102: =Sheet1!E98 -> 76800 | B102: =Sheet1!M98 -> 53000
A103: =Sheet1!E99 -> 115200 | B103: =Sheet1!M99 -> 61000
A104: =Sheet1!E100 -> 80000 | B104: =Sheet1!M100 -> 80000
A105: =AVERAGE(A102:A104) -> 90666.667 | B105: =AVERAGE(B102:B104) -> 64666.667
A107: 250nM AZD1775 | B107: AZD1775+ICI
A108: =Sheet1!E103 -> 55000 | B108: =Sheet1!M103 -> 55000
A109: =Sheet1!E104 -> 79000 | B109: =Sheet1!M104 -> 76000
A110: =Sheet1!E105 -> 83000 | B110: =Sheet1!M105 -> 59000
A111: =AVERAGE(A108:A110) -> 72333.333 | B111: =AVERAGE(B108:B110) -> 63333.333
A113: Alternating: 750nM Palbo/400nM ICI+200nM Palbo | B113: Alternating: 750nM Palbo/750nM ICI+250nM AZD1775
A114: =Sheet1!E108 -> 78400 | B114: =Sheet1!M108 -> 72000
A115: =Sheet1!E109 -> 86400 | B115: =Sheet1!M109 -> 75200
...
